Looking in indexes: https://pypi.tuna.tsinghua.edu.cn/simple
Requirement already satisfied: build in ./.venv/lib/python3.12/site-packages (1.5.0)
Requirement already satisfied: twine in ./.venv/lib/python3.12/site-packages (7.0.0)
Requirement already satisfied: packaging>=24.0 in ./.venv/lib/python3.12/site-packages (from build) (26.2)
Requirement already satisfied: pyproject_hooks in ./.venv/lib/python3.12/site-packages (from build) (1.2.0)
Requirement already satisfied: readme-renderer>=35.0 in ./.venv/lib/python3.12/site-packages (from twine) (45.0)
Requirement already satisfied: requests>=2.20 in ./.venv/lib/python3.12/site-packages (from twine) (2.34.2)
Requirement already satisfied: requests-toolbelt!=0.9.0,>=0.8.0 in ./.venv/lib/python3.12/site-packages (from twine) (1.0.0)
Requirement already satisfied: urllib3>=1.26.0 in ./.venv/lib/python3.12/site-packages (from twine) (2.7.0)
Requirement already satisfied: keyring>=21.2.0 in ./.venv/lib/python3.12/site-packages (from twine) (25.7.0)
Requirement already satisfied: rfc3986>=1.4.0 in ./.venv/lib/python3.12/site-packages (from twine) (2.0.0)
Requirement already satisfied: rich>=14.3.3 in ./.venv/lib/python3.12/site-packages (from twine) (15.0.0)
Requirement already satisfied: id in ./.venv/lib/python3.12/site-packages (from twine) (1.6.1)
Requirement already satisfied: jaraco.classes in ./.venv/lib/python3.12/site-packages (from keyring>=21.2.0->twine) (3.4.0)
Requirement already satisfied: jaraco.functools in ./.venv/lib/python3.12/site-packages (from keyring>=21.2.0->twine) (4.6.0)
Requirement already satisfied: jaraco.context in ./.venv/lib/python3.12/site-packages (from keyring>=21.2.0->twine) (6.1.2)
Requirement already satisfied: nh3>=0.2.14 in ./.venv/lib/python3.12/site-packages (from readme-renderer>=35.0->twine) (0.3.6)
Requirement already satisfied: docutils>=0.21.2 in ./.venv/lib/python3.12/site-packages (from readme-renderer>=35.0->twine) (0.22.4)
Requirement already satisfied: Pygments>=2.5.1 in ./.venv/lib/python3.12/site-packages (from readme-renderer>=35.0->twine) (2.20.0)
Requirement already satisfied: charset_normalizer<4,>=2 in ./.venv/lib/python3.12/site-packages (from requests>=2.20->twine) (3.4.7)
Requirement already satisfied: idna<4,>=2.5 in ./.venv/lib/python3.12/site-packages (from requests>=2.20->twine) (3.17)
Requirement already satisfied: certifi>=2023.5.7 in ./.venv/lib/python3.12/site-packages (from requests>=2.20->twine) (2026.5.20)
Requirement already satisfied: markdown-it-py>=2.2.0 in ./.venv/lib/python3.12/site-packages (from rich>=14.3.3->twine) (4.2.0)
Requirement already satisfied: mdurl~=0.1 in ./.venv/lib/python3.12/site-packages (from markdown-it-py>=2.2.0->rich>=14.3.3->twine) (0.1.2)
Requirement already satisfied: more-itertools in ./.venv/lib/python3.12/site-packages (from jaraco.classes->keyring>=21.2.0->twine) (11.1.0)

[notice] A new release of pip is available: 26.1 -> 26.2.1
[notice] To update, run: /Users/lichengxiang/source/oss/marivo/.venv/bin/python3.12 -m pip install --upgrade pip
rm -rf dist/pypi dist/marivo-*.tar.gz dist/marivo-*.whl build marivo.egg-info
* Creating isolated environment: venv+pip...
* Installing packages in isolated environment:
  - setuptools>=68.0
* Getting build dependencies for sdist...
running egg_info
creating marivo.egg-info
writing marivo.egg-info/PKG-INFO
writing dependency_links to marivo.egg-info/dependency_links.txt
writing entry points to marivo.egg-info/entry_points.txt
writing requirements to marivo.egg-info/requires.txt
writing top-level names to marivo.egg-info/top_level.txt
writing manifest file 'marivo.egg-info/SOURCES.txt'
reading manifest file 'marivo.egg-info/SOURCES.txt'
reading manifest template 'MANIFEST.in'
warning: no previously-included files matching '__pycache__' found anywhere in distribution
warning: no previously-included files matching '.DS_Store' found anywhere in distribution
adding license file 'LICENSE'
writing manifest file 'marivo.egg-info/SOURCES.txt'
* Building sdist...
running sdist
running egg_info
writing marivo.egg-info/PKG-INFO
writing dependency_links to marivo.egg-info/dependency_links.txt
writing entry points to marivo.egg-info/entry_points.txt
writing requirements to marivo.egg-info/requires.txt
writing top-level names to marivo.egg-info/top_level.txt
reading manifest file 'marivo.egg-info/SOURCES.txt'
reading manifest template 'MANIFEST.in'
warning: no previously-included files matching '__pycache__' found anywhere in distribution
warning: no previously-included files matching '.DS_Store' found anywhere in distribution
adding license file 'LICENSE'
writing manifest file 'marivo.egg-info/SOURCES.txt'
running check
creating marivo-0.5.3.dev0
creating marivo-0.5.3.dev0/marivo
creating marivo-0.5.3.dev0/marivo.egg-info
creating marivo-0.5.3.dev0/marivo/_authoring
creating marivo-0.5.3.dev0/marivo/_help
creating marivo-0.5.3.dev0/marivo/analysis
creating marivo-0.5.3.dev0/marivo/analysis/_capabilities
creating marivo-0.5.3.dev0/marivo/analysis/compiler
creating marivo-0.5.3.dev0/marivo/analysis/core
creating marivo-0.5.3.dev0/marivo/analysis/datasets
creating marivo-0.5.3.dev0/marivo/analysis/domains
creating marivo-0.5.3.dev0/marivo/analysis/evidence
creating marivo-0.5.3.dev0/marivo/analysis/materialization
creating marivo-0.5.3.dev0/marivo/analysis/methods
creating marivo-0.5.3.dev0/marivo/analysis/observation
creating marivo-0.5.3.dev0/marivo/analysis/operators
creating marivo-0.5.3.dev0/marivo/analysis/session
creating marivo-0.5.3.dev0/marivo/datasource
creating marivo-0.5.3.dev0/marivo/datasource/_capabilities
creating marivo-0.5.3.dev0/marivo/datasource/engines
creating marivo-0.5.3.dev0/marivo/introspection
creating marivo-0.5.3.dev0/marivo/introspection/live
creating marivo-0.5.3.dev0/marivo/ontology
creating marivo-0.5.3.dev0/marivo/ontology/_capabilities
creating marivo-0.5.3.dev0/marivo/semantic
creating marivo-0.5.3.dev0/marivo/semantic/_capabilities
creating marivo-0.5.3.dev0/marivo/skills
creating marivo-0.5.3.dev0/marivo/skills/marivo-analysis
creating marivo-0.5.3.dev0/marivo/skills/marivo-semantic
creating marivo-0.5.3.dev0/marivo/telemetry
creating marivo-0.5.3.dev0/tests
copying files to marivo-0.5.3.dev0...
copying LICENSE -> marivo-0.5.3.dev0
copying MANIFEST.in -> marivo-0.5.3.dev0
copying README.md -> marivo-0.5.3.dev0
copying pyproject.toml -> marivo-0.5.3.dev0
copying marivo/__init__.py -> marivo-0.5.3.dev0/marivo
copying marivo/__main__.py -> marivo-0.5.3.dev0/marivo
copying marivo/_compat.py -> marivo-0.5.3.dev0/marivo
copying marivo/_fixed_duration.py -> marivo-0.5.3.dev0/marivo
copying marivo/_temporal.py -> marivo-0.5.3.dev0/marivo
copying marivo/cli.py -> marivo-0.5.3.dev0/marivo
copying marivo/config.py -> marivo-0.5.3.dev0/marivo
copying marivo/doctor.py -> marivo-0.5.3.dev0/marivo
copying marivo/preview.py -> marivo-0.5.3.dev0/marivo
copying marivo/project.py -> marivo-0.5.3.dev0/marivo
copying marivo/refs.py -> marivo-0.5.3.dev0/marivo
copying marivo/render.py -> marivo-0.5.3.dev0/marivo
copying marivo.egg-info/PKG-INFO -> marivo-0.5.3.dev0/marivo.egg-info
copying marivo.egg-info/SOURCES.txt -> marivo-0.5.3.dev0/marivo.egg-info
copying marivo.egg-info/dependency_links.txt -> marivo-0.5.3.dev0/marivo.egg-info
copying marivo.egg-info/entry_points.txt -> marivo-0.5.3.dev0/marivo.egg-info
copying marivo.egg-info/requires.txt -> marivo-0.5.3.dev0/marivo.egg-info
copying marivo.egg-info/top_level.txt -> marivo-0.5.3.dev0/marivo.egg-info
copying marivo/_authoring/__init__.py -> marivo-0.5.3.dev0/marivo/_authoring
copying marivo/_authoring/errors.py -> marivo-0.5.3.dev0/marivo/_authoring
copying marivo/_authoring/model.py -> marivo-0.5.3.dev0/marivo/_authoring
copying marivo/_help/__init__.py -> marivo-0.5.3.dev0/marivo/_help
copying marivo/_help/bootstrap.py -> marivo-0.5.3.dev0/marivo/_help
copying marivo/_help/model.py -> marivo-0.5.3.dev0/marivo/_help
copying marivo/_help/object_briefing.py -> marivo-0.5.3.dev0/marivo/_help
copying marivo/_help/render.py -> marivo-0.5.3.dev0/marivo/_help
copying marivo/_help/route.py -> marivo-0.5.3.dev0/marivo/_help
copying marivo/_help/topics.py -> marivo-0.5.3.dev0/marivo/_help
copying marivo/analysis/__init__.py -> marivo-0.5.3.dev0/marivo/analysis
copying marivo/analysis/_pages.py -> marivo-0.5.3.dev0/marivo/analysis
copying marivo/analysis/_public.py -> marivo-0.5.3.dev0/marivo/analysis
copying marivo/analysis/errors.py -> marivo-0.5.3.dev0/marivo/analysis
copying marivo/analysis/event.py -> marivo-0.5.3.dev0/marivo/analysis
copying marivo/analysis/funnel.py -> marivo-0.5.3.dev0/marivo/analysis
copying marivo/analysis/lifecycle.py -> marivo-0.5.3.dev0/marivo/analysis
copying marivo/analysis/public_dsl.py -> marivo-0.5.3.dev0/marivo/analysis
copying marivo/analysis/refs.py -> marivo-0.5.3.dev0/marivo/analysis
copying marivo/analysis/runtime_metric.py -> marivo-0.5.3.dev0/marivo/analysis
copying marivo/analysis/subject.py -> marivo-0.5.3.dev0/marivo/analysis
copying marivo/analysis/timezone.py -> marivo-0.5.3.dev0/marivo/analysis
copying marivo/analysis/_capabilities/__init__.py -> marivo-0.5.3.dev0/marivo/analysis/_capabilities
copying marivo/analysis/_capabilities/catalog_inputs.py -> marivo-0.5.3.dev0/marivo/analysis/_capabilities
copying marivo/analysis/_capabilities/dataset_model.py -> marivo-0.5.3.dev0/marivo/analysis/_capabilities
copying marivo/analysis/_capabilities/dataset_navigation.py -> marivo-0.5.3.dev0/marivo/analysis/_capabilities
copying marivo/analysis/_capabilities/dataset_registry.py -> marivo-0.5.3.dev0/marivo/analysis/_capabilities
copying marivo/analysis/_capabilities/dataset_render.py -> marivo-0.5.3.dev0/marivo/analysis/_capabilities
copying marivo/analysis/_capabilities/model.py -> marivo-0.5.3.dev0/marivo/analysis/_capabilities
copying marivo/analysis/_capabilities/registry.py -> marivo-0.5.3.dev0/marivo/analysis/_capabilities
copying marivo/analysis/_capabilities/render.py -> marivo-0.5.3.dev0/marivo/analysis/_capabilities
copying marivo/analysis/_capabilities/surface.py -> marivo-0.5.3.dev0/marivo/analysis/_capabilities
copying marivo/analysis/compiler/__init__.py -> marivo-0.5.3.dev0/marivo/analysis/compiler
copying marivo/analysis/compiler/attribution.py -> marivo-0.5.3.dev0/marivo/analysis/compiler
copying marivo/analysis/compiler/comparison.py -> marivo-0.5.3.dev0/marivo/analysis/compiler
copying marivo/analysis/compiler/correlation.py -> marivo-0.5.3.dev0/marivo/analysis/compiler
copying marivo/analysis/compiler/distinct.py -> marivo-0.5.3.dev0/marivo/analysis/compiler
copying marivo/analysis/compiler/distinct_attribution.py -> marivo-0.5.3.dev0/marivo/analysis/compiler
copying marivo/analysis/compiler/distinct_fold.py -> marivo-0.5.3.dev0/marivo/analysis/compiler
copying marivo/analysis/compiler/distribution.py -> marivo-0.5.3.dev0/marivo/analysis/compiler
copying marivo/analysis/compiler/distribution_attribution.py -> marivo-0.5.3.dev0/marivo/analysis/compiler
copying marivo/analysis/compiler/driver_candidate.py -> marivo-0.5.3.dev0/marivo/analysis/compiler
copying marivo/analysis/compiler/driver_numeric.py -> marivo-0.5.3.dev0/marivo/analysis/compiler
copying marivo/analysis/compiler/entity_candidate.py -> marivo-0.5.3.dev0/marivo/analysis/compiler
copying marivo/analysis/compiler/errors.py -> marivo-0.5.3.dev0/marivo/analysis/compiler
copying marivo/analysis/compiler/event.py -> marivo-0.5.3.dev0/marivo/analysis/compiler
copying marivo/analysis/compiler/event_attribution.py -> marivo-0.5.3.dev0/marivo/analysis/compiler
copying marivo/analysis/compiler/event_axes.py -> marivo-0.5.3.dev0/marivo/analysis/compiler
copying marivo/analysis/compiler/event_comparison.py -> marivo-0.5.3.dev0/marivo/analysis/compiler
copying marivo/analysis/compiler/event_continuation.py -> marivo-0.5.3.dev0/marivo/analysis/compiler
copying marivo/analysis/compiler/event_reducers.py -> marivo-0.5.3.dev0/marivo/analysis/compiler
copying marivo/analysis/compiler/event_sources.py -> marivo-0.5.3.dev0/marivo/analysis/compiler
copying marivo/analysis/compiler/event_time.py -> marivo-0.5.3.dev0/marivo/analysis/compiler
copying marivo/analysis/compiler/graph_lowering.py -> marivo-0.5.3.dev0/marivo/analysis/compiler
copying marivo/analysis/compiler/graph_plan.py -> marivo-0.5.3.dev0/marivo/analysis/compiler
copying marivo/analysis/compiler/lifecycle.py -> marivo-0.5.3.dev0/marivo/analysis/compiler
copying marivo/analysis/compiler/lifecycle_array.py -> marivo-0.5.3.dev0/marivo/analysis/compiler
copying marivo/analysis/compiler/lifecycle_reducers.py -> marivo-0.5.3.dev0/marivo/analysis/compiler
copying marivo/analysis/compiler/lowering.py -> marivo-0.5.3.dev0/marivo/analysis/compiler
copying marivo/analysis/compiler/nodes.py -> marivo-0.5.3.dev0/marivo/analysis/compiler
copying marivo/analysis/compiler/normalize.py -> marivo-0.5.3.dev0/marivo/analysis/compiler
copying marivo/analysis/compiler/ordering.py -> marivo-0.5.3.dev0/marivo/analysis/compiler
copying marivo/analysis/compiler/placement.py -> marivo-0.5.3.dev0/marivo/analysis/compiler
copying marivo/analysis/compiler/predicates.py -> marivo-0.5.3.dev0/marivo/analysis/compiler
copying marivo/analysis/compiler/private_parts.py -> marivo-0.5.3.dev0/marivo/analysis/compiler
copying marivo/analysis/compiler/source_admission.py -> marivo-0.5.3.dev0/marivo/analysis/compiler
copying marivo/analysis/compiler/source_dependencies.py -> marivo-0.5.3.dev0/marivo/analysis/compiler
copying marivo/analysis/compiler/source_time.py -> marivo-0.5.3.dev0/marivo/analysis/compiler
copying marivo/analysis/compiler/temporal.py -> marivo-0.5.3.dev0/marivo/analysis/compiler
copying marivo/analysis/core/__init__.py -> marivo-0.5.3.dev0/marivo/analysis/core
copying marivo/analysis/core/graph.py -> marivo-0.5.3.dev0/marivo/analysis/core
copying marivo/analysis/core/local_laws.py -> marivo-0.5.3.dev0/marivo/analysis/core
copying marivo/analysis/core/model.py -> marivo-0.5.3.dev0/marivo/analysis/core
copying marivo/analysis/core/predicates.py -> marivo-0.5.3.dev0/marivo/analysis/core
copying marivo/analysis/core/rules.py -> marivo-0.5.3.dev0/marivo/analysis/core
copying marivo/analysis/datasets/__init__.py -> marivo-0.5.3.dev0/marivo/analysis/datasets
copying marivo/analysis/datasets/_disclosure.py -> marivo-0.5.3.dev0/marivo/analysis/datasets
copying marivo/analysis/datasets/actions.py -> marivo-0.5.3.dev0/marivo/analysis/datasets
copying marivo/analysis/datasets/base.py -> marivo-0.5.3.dev0/marivo/analysis/datasets
copying marivo/analysis/datasets/contract.py -> marivo-0.5.3.dev0/marivo/analysis/datasets
copying marivo/analysis/datasets/descriptors.py -> marivo-0.5.3.dev0/marivo/analysis/datasets
copying marivo/analysis/datasets/errors.py -> marivo-0.5.3.dev0/marivo/analysis/datasets
copying marivo/analysis/datasets/fields.py -> marivo-0.5.3.dev0/marivo/analysis/datasets
copying marivo/analysis/datasets/handles.py -> marivo-0.5.3.dev0/marivo/analysis/datasets
copying marivo/analysis/datasets/registry.py -> marivo-0.5.3.dev0/marivo/analysis/datasets
copying marivo/analysis/datasets/state.py -> marivo-0.5.3.dev0/marivo/analysis/datasets
copying marivo/analysis/domains/__init__.py -> marivo-0.5.3.dev0/marivo/analysis/domains
copying marivo/analysis/domains/_disclosure.py -> marivo-0.5.3.dev0/marivo/analysis/domains
copying marivo/analysis/domains/completeness.py -> marivo-0.5.3.dev0/marivo/analysis/domains
copying marivo/analysis/domains/contracts.py -> marivo-0.5.3.dev0/marivo/analysis/domains
copying marivo/analysis/domains/errors.py -> marivo-0.5.3.dev0/marivo/analysis/domains
copying marivo/analysis/domains/event.py -> marivo-0.5.3.dev0/marivo/analysis/domains
copying marivo/analysis/domains/event_attribution.py -> marivo-0.5.3.dev0/marivo/analysis/domains
copying marivo/analysis/domains/event_attribution_values.py -> marivo-0.5.3.dev0/marivo/analysis/domains
copying marivo/analysis/domains/event_comparison.py -> marivo-0.5.3.dev0/marivo/analysis/domains
copying marivo/analysis/domains/event_comparison_values.py -> marivo-0.5.3.dev0/marivo/analysis/domains
copying marivo/analysis/domains/event_reducers.py -> marivo-0.5.3.dev0/marivo/analysis/domains
copying marivo/analysis/domains/lifecycle.py -> marivo-0.5.3.dev0/marivo/analysis/domains
copying marivo/analysis/domains/lifecycle_reducers.py -> marivo-0.5.3.dev0/marivo/analysis/domains
copying marivo/analysis/domains/subject.py -> marivo-0.5.3.dev0/marivo/analysis/domains
copying marivo/analysis/evidence/__init__.py -> marivo-0.5.3.dev0/marivo/analysis/evidence
copying marivo/analysis/evidence/_dataset_codec.py -> marivo-0.5.3.dev0/marivo/analysis/evidence
copying marivo/analysis/evidence/_dataset_reads.py -> marivo-0.5.3.dev0/marivo/analysis/evidence
copying marivo/analysis/evidence/_dataset_types.py -> marivo-0.5.3.dev0/marivo/analysis/evidence
copying marivo/analysis/materialization/__init__.py -> marivo-0.5.3.dev0/marivo/analysis/materialization
copying marivo/analysis/materialization/admission.py -> marivo-0.5.3.dev0/marivo/analysis/materialization
copying marivo/analysis/materialization/association_codec.py -> marivo-0.5.3.dev0/marivo/analysis/materialization
copying marivo/analysis/materialization/association_publication.py -> marivo-0.5.3.dev0/marivo/analysis/materialization
copying marivo/analysis/materialization/attribution_codec.py -> marivo-0.5.3.dev0/marivo/analysis/materialization
copying marivo/analysis/materialization/attribution_publication.py -> marivo-0.5.3.dev0/marivo/analysis/materialization
copying marivo/analysis/materialization/basic_source.py -> marivo-0.5.3.dev0/marivo/analysis/materialization
copying marivo/analysis/materialization/candidate_codec.py -> marivo-0.5.3.dev0/marivo/analysis/materialization
copying marivo/analysis/materialization/candidate_publication.py -> marivo-0.5.3.dev0/marivo/analysis/materialization
copying marivo/analysis/materialization/clickhouse_event_sql.py -> marivo-0.5.3.dev0/marivo/analysis/materialization
copying marivo/analysis/materialization/clickhouse_execution.py -> marivo-0.5.3.dev0/marivo/analysis/materialization
copying marivo/analysis/materialization/comparison_codec.py -> marivo-0.5.3.dev0/marivo/analysis/materialization
copying marivo/analysis/materialization/comparison_publication.py -> marivo-0.5.3.dev0/marivo/analysis/materialization
copying marivo/analysis/materialization/contracts.py -> marivo-0.5.3.dev0/marivo/analysis/materialization
copying marivo/analysis/materialization/dataset_execution.py -> marivo-0.5.3.dev0/marivo/analysis/materialization
copying marivo/analysis/materialization/dataset_presentation.py -> marivo-0.5.3.dev0/marivo/analysis/materialization
copying marivo/analysis/materialization/dataset_publication.py -> marivo-0.5.3.dev0/marivo/analysis/materialization
copying marivo/analysis/materialization/distribution.py -> marivo-0.5.3.dev0/marivo/analysis/materialization
copying marivo/analysis/materialization/duckdb_execution.py -> marivo-0.5.3.dev0/marivo/analysis/materialization
copying marivo/analysis/materialization/duckdb_statements.py -> marivo-0.5.3.dev0/marivo/analysis/materialization
copying marivo/analysis/materialization/errors.py -> marivo-0.5.3.dev0/marivo/analysis/materialization
copying marivo/analysis/materialization/event_bundle.py -> marivo-0.5.3.dev0/marivo/analysis/materialization
copying marivo/analysis/materialization/event_codec.py -> marivo-0.5.3.dev0/marivo/analysis/materialization
copying marivo/analysis/materialization/event_comparison_codec.py -> marivo-0.5.3.dev0/marivo/analysis/materialization
copying marivo/analysis/materialization/event_comparison_publication.py -> marivo-0.5.3.dev0/marivo/analysis/materialization
copying marivo/analysis/materialization/event_publication.py -> marivo-0.5.3.dev0/marivo/analysis/materialization
copying marivo/analysis/materialization/event_reducer_codec.py -> marivo-0.5.3.dev0/marivo/analysis/materialization
copying marivo/analysis/materialization/event_reducer_publication.py -> marivo-0.5.3.dev0/marivo/analysis/materialization
copying marivo/analysis/materialization/execution.py -> marivo-0.5.3.dev0/marivo/analysis/materialization
copying marivo/analysis/materialization/execution_key.py -> marivo-0.5.3.dev0/marivo/analysis/materialization
copying marivo/analysis/materialization/execution_state.py -> marivo-0.5.3.dev0/marivo/analysis/materialization
copying marivo/analysis/materialization/forecast_codec.py -> marivo-0.5.3.dev0/marivo/analysis/materialization
copying marivo/analysis/materialization/forecast_publication.py -> marivo-0.5.3.dev0/marivo/analysis/materialization
copying marivo/analysis/materialization/graph_composition.py -> marivo-0.5.3.dev0/marivo/analysis/materialization
copying marivo/analysis/materialization/graph_dataset.py -> marivo-0.5.3.dev0/marivo/analysis/materialization
copying marivo/analysis/materialization/graph_exchange.py -> marivo-0.5.3.dev0/marivo/analysis/materialization
copying marivo/analysis/materialization/graph_execution.py -> marivo-0.5.3.dev0/marivo/analysis/materialization
copying marivo/analysis/materialization/graph_fields.py -> marivo-0.5.3.dev0/marivo/analysis/materialization
copying marivo/analysis/materialization/graph_local_execution.py -> marivo-0.5.3.dev0/marivo/analysis/materialization
copying marivo/analysis/materialization/graph_members.py -> marivo-0.5.3.dev0/marivo/analysis/materialization
copying marivo/analysis/materialization/graph_observation.py -> marivo-0.5.3.dev0/marivo/analysis/materialization
copying marivo/analysis/materialization/graph_preflight.py -> marivo-0.5.3.dev0/marivo/analysis/materialization
copying marivo/analysis/materialization/graph_protocol.py -> marivo-0.5.3.dev0/marivo/analysis/materialization
copying marivo/analysis/materialization/graph_publication.py -> marivo-0.5.3.dev0/marivo/analysis/materialization
copying marivo/analysis/materialization/graph_relation.py -> marivo-0.5.3.dev0/marivo/analysis/materialization
copying marivo/analysis/materialization/graph_source_execution.py -> marivo-0.5.3.dev0/marivo/analysis/materialization
copying marivo/analysis/materialization/graph_spearman_execution.py -> marivo-0.5.3.dev0/marivo/analysis/materialization
copying marivo/analysis/materialization/graph_storage.py -> marivo-0.5.3.dev0/marivo/analysis/materialization
copying marivo/analysis/materialization/graph_store.py -> marivo-0.5.3.dev0/marivo/analysis/materialization
copying marivo/analysis/materialization/ibis_batches.py -> marivo-0.5.3.dev0/marivo/analysis/materialization
copying marivo/analysis/materialization/inspection.py -> marivo-0.5.3.dev0/marivo/analysis/materialization
copying marivo/analysis/materialization/layout.py -> marivo-0.5.3.dev0/marivo/analysis/materialization
copying marivo/analysis/materialization/lifecycle_bundle.py -> marivo-0.5.3.dev0/marivo/analysis/materialization
copying marivo/analysis/materialization/lifecycle_codec.py -> marivo-0.5.3.dev0/marivo/analysis/materialization
copying marivo/analysis/materialization/lifecycle_integrity.py -> marivo-0.5.3.dev0/marivo/analysis/materialization
copying marivo/analysis/materialization/lifecycle_publication.py -> marivo-0.5.3.dev0/marivo/analysis/materialization
copying marivo/analysis/materialization/lifecycle_reducer_codec.py -> marivo-0.5.3.dev0/marivo/analysis/materialization
copying marivo/analysis/materialization/lifecycle_reducer_publication.py -> marivo-0.5.3.dev0/marivo/analysis/materialization
copying marivo/analysis/materialization/local.py -> marivo-0.5.3.dev0/marivo/analysis/materialization
copying marivo/analysis/materialization/local_execution.py -> marivo-0.5.3.dev0/marivo/analysis/materialization
copying marivo/analysis/materialization/local_stage.py -> marivo-0.5.3.dev0/marivo/analysis/materialization
copying marivo/analysis/materialization/mysql_execution.py -> marivo-0.5.3.dev0/marivo/analysis/materialization
copying marivo/analysis/materialization/ownership.py -> marivo-0.5.3.dev0/marivo/analysis/materialization
copying marivo/analysis/materialization/parquet_scan.py -> marivo-0.5.3.dev0/marivo/analysis/materialization
copying marivo/analysis/materialization/postgres_event_sql.py -> marivo-0.5.3.dev0/marivo/analysis/materialization
copying marivo/analysis/materialization/postgres_execution.py -> marivo-0.5.3.dev0/marivo/analysis/materialization
copying marivo/analysis/materialization/private_parquet.py -> marivo-0.5.3.dev0/marivo/analysis/materialization
copying marivo/analysis/materialization/publication.py -> marivo-0.5.3.dev0/marivo/analysis/materialization
copying marivo/analysis/materialization/quality.py -> marivo-0.5.3.dev0/marivo/analysis/materialization
copying marivo/analysis/materialization/reads.py -> marivo-0.5.3.dev0/marivo/analysis/materialization
copying marivo/analysis/materialization/reconciliation.py -> marivo-0.5.3.dev0/marivo/analysis/materialization
copying marivo/analysis/materialization/recovery.py -> marivo-0.5.3.dev0/marivo/analysis/materialization
copying marivo/analysis/materialization/resources.py -> marivo-0.5.3.dev0/marivo/analysis/materialization
copying marivo/analysis/materialization/retained.py -> marivo-0.5.3.dev0/marivo/analysis/materialization
copying marivo/analysis/materialization/scalar_projection.py -> marivo-0.5.3.dev0/marivo/analysis/materialization
copying marivo/analysis/materialization/scalar_sql_execution.py -> marivo-0.5.3.dev0/marivo/analysis/materialization
copying marivo/analysis/materialization/source_preparation.py -> marivo-0.5.3.dev0/marivo/analysis/materialization
copying marivo/analysis/materialization/source_stage.py -> marivo-0.5.3.dev0/marivo/analysis/materialization
copying marivo/analysis/materialization/sqlite_execution.py -> marivo-0.5.3.dev0/marivo/analysis/materialization
copying marivo/analysis/materialization/storage.py -> marivo-0.5.3.dev0/marivo/analysis/materialization
copying marivo/analysis/materialization/store.py -> marivo-0.5.3.dev0/marivo/analysis/materialization
copying marivo/analysis/materialization/submissions.py -> marivo-0.5.3.dev0/marivo/analysis/materialization
copying marivo/analysis/materialization/temporal_sql.py -> marivo-0.5.3.dev0/marivo/analysis/materialization
copying marivo/analysis/materialization/trino_event_sql.py -> marivo-0.5.3.dev0/marivo/analysis/materialization
copying marivo/analysis/materialization/trino_execution.py -> marivo-0.5.3.dev0/marivo/analysis/materialization
copying marivo/analysis/materialization/validation.py -> marivo-0.5.3.dev0/marivo/analysis/materialization
copying marivo/analysis/materialization/writer_guard.py -> marivo-0.5.3.dev0/marivo/analysis/materialization
copying marivo/analysis/methods/__init__.py -> marivo-0.5.3.dev0/marivo/analysis/methods
copying marivo/analysis/methods/builtin.py -> marivo-0.5.3.dev0/marivo/analysis/methods
copying marivo/analysis/methods/errors.py -> marivo-0.5.3.dev0/marivo/analysis/methods
copying marivo/analysis/methods/local.py -> marivo-0.5.3.dev0/marivo/analysis/methods
copying marivo/analysis/methods/physical.py -> marivo-0.5.3.dev0/marivo/analysis/methods
copying marivo/analysis/methods/registry.py -> marivo-0.5.3.dev0/marivo/analysis/methods
copying marivo/analysis/methods/semantics.py -> marivo-0.5.3.dev0/marivo/analysis/methods
copying marivo/analysis/methods/state_validation.py -> marivo-0.5.3.dev0/marivo/analysis/methods
copying marivo/analysis/observation/__init__.py -> marivo-0.5.3.dev0/marivo/analysis/observation
copying marivo/analysis/observation/_disclosure.py -> marivo-0.5.3.dev0/marivo/analysis/observation
copying marivo/analysis/observation/aggregation.py -> marivo-0.5.3.dev0/marivo/analysis/observation
copying marivo/analysis/observation/contracts.py -> marivo-0.5.3.dev0/marivo/analysis/observation
copying marivo/analysis/observation/coordinates.py -> marivo-0.5.3.dev0/marivo/analysis/observation
copying marivo/analysis/observation/distinct_contracts.py -> marivo-0.5.3.dev0/marivo/analysis/observation
copying marivo/analysis/observation/distribution_contracts.py -> marivo-0.5.3.dev0/marivo/analysis/observation
copying marivo/analysis/observation/errors.py -> marivo-0.5.3.dev0/marivo/analysis/observation
copying marivo/analysis/observation/fold_contracts.py -> marivo-0.5.3.dev0/marivo/analysis/observation
copying marivo/analysis/observation/metric.py -> marivo-0.5.3.dev0/marivo/analysis/observation
copying marivo/analysis/observation/ordering.py -> marivo-0.5.3.dev0/marivo/analysis/observation
copying marivo/analysis/observation/population.py -> marivo-0.5.3.dev0/marivo/analysis/observation
copying marivo/analysis/observation/predicates.py -> marivo-0.5.3.dev0/marivo/analysis/observation
copying marivo/analysis/observation/private_parts.py -> marivo-0.5.3.dev0/marivo/analysis/observation
copying marivo/analysis/observation/rollup.py -> marivo-0.5.3.dev0/marivo/analysis/observation
copying marivo/analysis/observation/source_bindings.py -> marivo-0.5.3.dev0/marivo/analysis/observation
copying marivo/analysis/observation/temporal.py -> marivo-0.5.3.dev0/marivo/analysis/observation
copying marivo/analysis/operators/__init__.py -> marivo-0.5.3.dev0/marivo/analysis/operators
copying marivo/analysis/operators/_disclosure.py -> marivo-0.5.3.dev0/marivo/analysis/operators
copying marivo/analysis/operators/association.py -> marivo-0.5.3.dev0/marivo/analysis/operators
copying marivo/analysis/operators/association_contracts.py -> marivo-0.5.3.dev0/marivo/analysis/operators
copying marivo/analysis/operators/association_values.py -> marivo-0.5.3.dev0/marivo/analysis/operators
copying marivo/analysis/operators/attribute.py -> marivo-0.5.3.dev0/marivo/analysis/operators
copying marivo/analysis/operators/attribute_expansion.py -> marivo-0.5.3.dev0/marivo/analysis/operators
copying marivo/analysis/operators/attribute_values.py -> marivo-0.5.3.dev0/marivo/analysis/operators
copying marivo/analysis/operators/attribution.py -> marivo-0.5.3.dev0/marivo/analysis/operators
copying marivo/analysis/operators/attribution_contracts.py -> marivo-0.5.3.dev0/marivo/analysis/operators
copying marivo/analysis/operators/candidate_contracts.py -> marivo-0.5.3.dev0/marivo/analysis/operators
copying marivo/analysis/operators/candidate_dataset.py -> marivo-0.5.3.dev0/marivo/analysis/operators
copying marivo/analysis/operators/candidate_values.py -> marivo-0.5.3.dev0/marivo/analysis/operators
copying marivo/analysis/operators/clickhouse_support.py -> marivo-0.5.3.dev0/marivo/analysis/operators
copying marivo/analysis/operators/compare.py -> marivo-0.5.3.dev0/marivo/analysis/operators
copying marivo/analysis/operators/contracts.py -> marivo-0.5.3.dev0/marivo/analysis/operators
copying marivo/analysis/operators/correlate.py -> marivo-0.5.3.dev0/marivo/analysis/operators
copying marivo/analysis/operators/delta.py -> marivo-0.5.3.dev0/marivo/analysis/operators
copying marivo/analysis/operators/delta_state.py -> marivo-0.5.3.dev0/marivo/analysis/operators
copying marivo/analysis/operators/discovery.py -> marivo-0.5.3.dev0/marivo/analysis/operators
copying marivo/analysis/operators/distribution_values.py -> marivo-0.5.3.dev0/marivo/analysis/operators
copying marivo/analysis/operators/driver_axes.py -> marivo-0.5.3.dev0/marivo/analysis/operators
copying marivo/analysis/operators/driver_contracts.py -> marivo-0.5.3.dev0/marivo/analysis/operators
copying marivo/analysis/operators/driver_expansion.py -> marivo-0.5.3.dev0/marivo/analysis/operators
copying marivo/analysis/operators/driver_values.py -> marivo-0.5.3.dev0/marivo/analysis/operators
copying marivo/analysis/operators/errors.py -> marivo-0.5.3.dev0/marivo/analysis/operators
copying marivo/analysis/operators/forecast.py -> marivo-0.5.3.dev0/marivo/analysis/operators
copying marivo/analysis/operators/forecast_contracts.py -> marivo-0.5.3.dev0/marivo/analysis/operators
copying marivo/analysis/operators/forecast_dataset.py -> marivo-0.5.3.dev0/marivo/analysis/operators
copying marivo/analysis/operators/forecast_values.py -> marivo-0.5.3.dev0/marivo/analysis/operators
copying marivo/analysis/operators/mysql_support.py -> marivo-0.5.3.dev0/marivo/analysis/operators
copying marivo/analysis/operators/postgres_support.py -> marivo-0.5.3.dev0/marivo/analysis/operators
copying marivo/analysis/operators/registry.py -> marivo-0.5.3.dev0/marivo/analysis/operators
copying marivo/analysis/operators/rollup.py -> marivo-0.5.3.dev0/marivo/analysis/operators
copying marivo/analysis/operators/row.py -> marivo-0.5.3.dev0/marivo/analysis/operators
copying marivo/analysis/operators/row_values.py -> marivo-0.5.3.dev0/marivo/analysis/operators
copying marivo/analysis/operators/scalar_support.py -> marivo-0.5.3.dev0/marivo/analysis/operators
copying marivo/analysis/operators/sqlite_support.py -> marivo-0.5.3.dev0/marivo/analysis/operators
copying marivo/analysis/operators/trino_support.py -> marivo-0.5.3.dev0/marivo/analysis/operators
copying marivo/analysis/session/__init__.py -> marivo-0.5.3.dev0/marivo/analysis/session
copying marivo/analysis/session/_disclosure.py -> marivo-0.5.3.dev0/marivo/analysis/session
copying marivo/analysis/session/_lazy_graph.py -> marivo-0.5.3.dev0/marivo/analysis/session
copying marivo/analysis/session/_lazy_history.py -> marivo-0.5.3.dev0/marivo/analysis/session
copying marivo/analysis/session/_lazy_read_model.py -> marivo-0.5.3.dev0/marivo/analysis/session
copying marivo/analysis/session/_lazy_runtime_reads.py -> marivo-0.5.3.dev0/marivo/analysis/session
copying marivo/analysis/session/_lazy_sources.py -> marivo-0.5.3.dev0/marivo/analysis/session
copying marivo/analysis/session/_public_disclosure.py -> marivo-0.5.3.dev0/marivo/analysis/session
copying marivo/analysis/session/core.py -> marivo-0.5.3.dev0/marivo/analysis/session
copying marivo/datasource/__init__.py -> marivo-0.5.3.dev0/marivo/datasource
copying marivo/datasource/adapters.py -> marivo-0.5.3.dev0/marivo/datasource
copying marivo/datasource/authoring.py -> marivo-0.5.3.dev0/marivo/datasource
copying marivo/datasource/authoring_store.py -> marivo-0.5.3.dev0/marivo/datasource
copying marivo/datasource/backends.py -> marivo-0.5.3.dev0/marivo/datasource
copying marivo/datasource/capabilities.py -> marivo-0.5.3.dev0/marivo/datasource
copying marivo/datasource/catalog.py -> marivo-0.5.3.dev0/marivo/datasource
copying marivo/datasource/constraints.py -> marivo-0.5.3.dev0/marivo/datasource
copying marivo/datasource/errors.py -> marivo-0.5.3.dev0/marivo/datasource
copying marivo/datasource/inspection.py -> marivo-0.5.3.dev0/marivo/datasource
copying marivo/datasource/ir.py -> marivo-0.5.3.dev0/marivo/datasource
copying marivo/datasource/json_source.py -> marivo-0.5.3.dev0/marivo/datasource
copying marivo/datasource/loader.py -> marivo-0.5.3.dev0/marivo/datasource
copying marivo/datasource/manage.py -> marivo-0.5.3.dev0/marivo/datasource
copying marivo/datasource/metadata.py -> marivo-0.5.3.dev0/marivo/datasource
copying marivo/datasource/runtime.py -> marivo-0.5.3.dev0/marivo/datasource
copying marivo/datasource/secrets.py -> marivo-0.5.3.dev0/marivo/datasource
copying marivo/datasource/snapshot.py -> marivo-0.5.3.dev0/marivo/datasource
copying marivo/datasource/source.py -> marivo-0.5.3.dev0/marivo/datasource
copying marivo/datasource/store.py -> marivo-0.5.3.dev0/marivo/datasource
copying marivo/datasource/strptime.py -> marivo-0.5.3.dev0/marivo/datasource
copying marivo/datasource/table_source.py -> marivo-0.5.3.dev0/marivo/datasource
copying marivo/datasource/timezone.py -> marivo-0.5.3.dev0/marivo/datasource
copying marivo/datasource/typing.py -> marivo-0.5.3.dev0/marivo/datasource
copying marivo/datasource/_capabilities/__init__.py -> marivo-0.5.3.dev0/marivo/datasource/_capabilities
copying marivo/datasource/_capabilities/contracts.py -> marivo-0.5.3.dev0/marivo/datasource/_capabilities
copying marivo/datasource/_capabilities/model.py -> marivo-0.5.3.dev0/marivo/datasource/_capabilities
copying marivo/datasource/_capabilities/registry.py -> marivo-0.5.3.dev0/marivo/datasource/_capabilities
copying marivo/datasource/_capabilities/render.py -> marivo-0.5.3.dev0/marivo/datasource/_capabilities
copying marivo/datasource/_capabilities/surface.py -> marivo-0.5.3.dev0/marivo/datasource/_capabilities
copying marivo/datasource/_capabilities/validation.py -> marivo-0.5.3.dev0/marivo/datasource/_capabilities
copying marivo/datasource/engines/__init__.py -> marivo-0.5.3.dev0/marivo/datasource/engines
copying marivo/datasource/engines/base.py -> marivo-0.5.3.dev0/marivo/datasource/engines
copying marivo/datasource/engines/clickhouse.py -> marivo-0.5.3.dev0/marivo/datasource/engines
copying marivo/datasource/engines/duckdb.py -> marivo-0.5.3.dev0/marivo/datasource/engines
copying marivo/datasource/engines/mysql.py -> marivo-0.5.3.dev0/marivo/datasource/engines
copying marivo/datasource/engines/postgres.py -> marivo-0.5.3.dev0/marivo/datasource/engines
copying marivo/datasource/engines/scalar_decode.py -> marivo-0.5.3.dev0/marivo/datasource/engines
copying marivo/datasource/engines/sqlite.py -> marivo-0.5.3.dev0/marivo/datasource/engines
copying marivo/datasource/engines/trino.py -> marivo-0.5.3.dev0/marivo/datasource/engines
copying marivo/introspection/__init__.py -> marivo-0.5.3.dev0/marivo/introspection
copying marivo/introspection/_fuzzy.py -> marivo-0.5.3.dev0/marivo/introspection
copying marivo/introspection/constraints.py -> marivo-0.5.3.dev0/marivo/introspection
copying marivo/introspection/describe.py -> marivo-0.5.3.dev0/marivo/introspection
copying marivo/introspection/errors.py -> marivo-0.5.3.dev0/marivo/introspection
copying marivo/introspection/render.py -> marivo-0.5.3.dev0/marivo/introspection
copying marivo/introspection/schema.py -> marivo-0.5.3.dev0/marivo/introspection
copying marivo/introspection/surface.py -> marivo-0.5.3.dev0/marivo/introspection
copying marivo/introspection/live/__init__.py -> marivo-0.5.3.dev0/marivo/introspection/live
copying marivo/introspection/live/errors.py -> marivo-0.5.3.dev0/marivo/introspection/live
copying marivo/introspection/live/model.py -> marivo-0.5.3.dev0/marivo/introspection/live
copying marivo/introspection/live/reflect.py -> marivo-0.5.3.dev0/marivo/introspection/live
copying marivo/introspection/live/render.py -> marivo-0.5.3.dev0/marivo/introspection/live
copying marivo/introspection/live/resolve.py -> marivo-0.5.3.dev0/marivo/introspection/live
copying marivo/ontology/__init__.py -> marivo-0.5.3.dev0/marivo/ontology
copying marivo/ontology/_authoring.py -> marivo-0.5.3.dev0/marivo/ontology
copying marivo/ontology/catalog.py -> marivo-0.5.3.dev0/marivo/ontology
copying marivo/ontology/errors.py -> marivo-0.5.3.dev0/marivo/ontology
copying marivo/ontology/types.py -> marivo-0.5.3.dev0/marivo/ontology
copying marivo/ontology/_capabilities/__init__.py -> marivo-0.5.3.dev0/marivo/ontology/_capabilities
copying marivo/ontology/_capabilities/registry.py -> marivo-0.5.3.dev0/marivo/ontology/_capabilities
copying marivo/ontology/_capabilities/render.py -> marivo-0.5.3.dev0/marivo/ontology/_capabilities
copying marivo/ontology/_capabilities/surface.py -> marivo-0.5.3.dev0/marivo/ontology/_capabilities
copying marivo/semantic/__init__.py -> marivo-0.5.3.dev0/marivo/semantic
copying marivo/semantic/_authoring_context.py -> marivo-0.5.3.dev0/marivo/semantic
copying marivo/semantic/_authoring_declarations.py -> marivo-0.5.3.dev0/marivo/semantic
copying marivo/semantic/_authoring_decorators.py -> marivo-0.5.3.dev0/marivo/semantic
copying marivo/semantic/_authoring_metrics.py -> marivo-0.5.3.dev0/marivo/semantic
copying marivo/semantic/_authoring_temporal.py -> marivo-0.5.3.dev0/marivo/semantic
copying marivo/semantic/_authoring_validation.py -> marivo-0.5.3.dev0/marivo/semantic
copying marivo/semantic/_authoring_values.py -> marivo-0.5.3.dev0/marivo/semantic
copying marivo/semantic/_compiled_state.py -> marivo-0.5.3.dev0/marivo/semantic
copying marivo/semantic/_definition_identity.py -> marivo-0.5.3.dev0/marivo/semantic
copying marivo/semantic/_dsl_authoring.py -> marivo-0.5.3.dev0/marivo/semantic
copying marivo/semantic/_expression_binding.py -> marivo-0.5.3.dev0/marivo/semantic
copying marivo/semantic/_filter_runtime.py -> marivo-0.5.3.dev0/marivo/semantic
copying marivo/semantic/_metric_resolution.py -> marivo-0.5.3.dev0/marivo/semantic
copying marivo/semantic/_quantile.py -> marivo-0.5.3.dev0/marivo/semantic
copying marivo/semantic/_registry_bridge.py -> marivo-0.5.3.dev0/marivo/semantic
copying marivo/semantic/authoring.py -> marivo-0.5.3.dev0/marivo/semantic
copying marivo/semantic/business_order.py -> marivo-0.5.3.dev0/marivo/semantic
copying marivo/semantic/catalog.py -> marivo-0.5.3.dev0/marivo/semantic
copying marivo/semantic/check.py -> marivo-0.5.3.dev0/marivo/semantic
copying marivo/semantic/constraints.py -> marivo-0.5.3.dev0/marivo/semantic
copying marivo/semantic/decimal_precision.py -> marivo-0.5.3.dev0/marivo/semantic
copying marivo/semantic/dtos.py -> marivo-0.5.3.dev0/marivo/semantic
copying marivo/semantic/errors.py -> marivo-0.5.3.dev0/marivo/semantic
copying marivo/semantic/event.py -> marivo-0.5.3.dev0/marivo/semantic
copying marivo/semantic/ir.py -> marivo-0.5.3.dev0/marivo/semantic
copying marivo/semantic/loader.py -> marivo-0.5.3.dev0/marivo/semantic
copying marivo/semantic/materializer.py -> marivo-0.5.3.dev0/marivo/semantic
copying marivo/semantic/metric_graph.py -> marivo-0.5.3.dev0/marivo/semantic
copying marivo/semantic/metric_graph_canonical.py -> marivo-0.5.3.dev0/marivo/semantic
copying marivo/semantic/metric_graph_lowering.py -> marivo-0.5.3.dev0/marivo/semantic
copying marivo/semantic/preview_scope.py -> marivo-0.5.3.dev0/marivo/semantic
copying marivo/semantic/reader.py -> marivo-0.5.3.dev0/marivo/semantic
copying marivo/semantic/readiness.py -> marivo-0.5.3.dev0/marivo/semantic
copying marivo/semantic/resolver.py -> marivo-0.5.3.dev0/marivo/semantic
copying marivo/semantic/richness.py -> marivo-0.5.3.dev0/marivo/semantic
copying marivo/semantic/runtime_metric.py -> marivo-0.5.3.dev0/marivo/semantic
copying marivo/semantic/runtime_metric_lowering.py -> marivo-0.5.3.dev0/marivo/semantic
copying marivo/semantic/source_health.py -> marivo-0.5.3.dev0/marivo/semantic
copying marivo/semantic/state_model.py -> marivo-0.5.3.dev0/marivo/semantic
copying marivo/semantic/time_format.py -> marivo-0.5.3.dev0/marivo/semantic
copying marivo/semantic/typing.py -> marivo-0.5.3.dev0/marivo/semantic
copying marivo/semantic/unit_algebra.py -> marivo-0.5.3.dev0/marivo/semantic
copying marivo/semantic/validator.py -> marivo-0.5.3.dev0/marivo/semantic
copying marivo/semantic/_capabilities/__init__.py -> marivo-0.5.3.dev0/marivo/semantic/_capabilities
copying marivo/semantic/_capabilities/catalog_members.py -> marivo-0.5.3.dev0/marivo/semantic/_capabilities
copying marivo/semantic/_capabilities/model.py -> marivo-0.5.3.dev0/marivo/semantic/_capabilities
copying marivo/semantic/_capabilities/registry.py -> marivo-0.5.3.dev0/marivo/semantic/_capabilities
copying marivo/semantic/_capabilities/render.py -> marivo-0.5.3.dev0/marivo/semantic/_capabilities
copying marivo/semantic/_capabilities/surface.py -> marivo-0.5.3.dev0/marivo/semantic/_capabilities
copying marivo/semantic/_capabilities/validation.py -> marivo-0.5.3.dev0/marivo/semantic/_capabilities
copying marivo/skills/__init__.py -> marivo-0.5.3.dev0/marivo/skills
copying marivo/skills/marivo-analysis/SKILL.md -> marivo-0.5.3.dev0/marivo/skills/marivo-analysis
copying marivo/skills/marivo-semantic/SKILL.md -> marivo-0.5.3.dev0/marivo/skills/marivo-semantic
copying marivo/telemetry/__init__.py -> marivo-0.5.3.dev0/marivo/telemetry
copying tests/test_agent_api_drift.py -> marivo-0.5.3.dev0/tests
copying tests/test_agent_result_protocol.py -> marivo-0.5.3.dev0/tests
copying tests/test_analysis_core_r31.py -> marivo-0.5.3.dev0/tests
copying tests/test_analysis_cumulative_decimal.py -> marivo-0.5.3.dev0/tests
copying tests/test_analysis_decimal_e2e.py -> marivo-0.5.3.dev0/tests
copying tests/test_analysis_disclosure_journeys.py -> marivo-0.5.3.dev0/tests
copying tests/test_analysis_dsl_contracts.py -> marivo-0.5.3.dev0/tests
copying tests/test_analysis_dsl_exchange.py -> marivo-0.5.3.dev0/tests
copying tests/test_analysis_dsl_fixtures.py -> marivo-0.5.3.dev0/tests
copying tests/test_analysis_dsl_p2_disclosure.py -> marivo-0.5.3.dev0/tests
copying tests/test_analysis_dsl_public.py -> marivo-0.5.3.dev0/tests
copying tests/test_analysis_dsl_public_static.py -> marivo-0.5.3.dev0/tests
copying tests/test_analysis_dsl_r45_migration.py -> marivo-0.5.3.dev0/tests
copying tests/test_analysis_dsl_semantic_authority.py -> marivo-0.5.3.dev0/tests
copying tests/test_analysis_errors.py -> marivo-0.5.3.dev0/tests
copying tests/test_analysis_errors_shape.py -> marivo-0.5.3.dev0/tests
copying tests/test_analysis_errors_template.py -> marivo-0.5.3.dev0/tests
copying tests/test_analysis_executor_subday_bucketing.py -> marivo-0.5.3.dev0/tests
copying tests/test_analysis_grain_public_exports.py -> marivo-0.5.3.dev0/tests
copying tests/test_analysis_graph_preflight_r45.py -> marivo-0.5.3.dev0/tests
copying tests/test_analysis_graph_publication_r44.py -> marivo-0.5.3.dev0/tests
copying tests/test_analysis_graph_r33.py -> marivo-0.5.3.dev0/tests
copying tests/test_analysis_graph_runtime_r42.py -> marivo-0.5.3.dev0/tests
copying tests/test_analysis_help_resolution.py -> marivo-0.5.3.dev0/tests
copying tests/test_analysis_imports.py -> marivo-0.5.3.dev0/tests
copying tests/test_analysis_lowering_r34.py -> marivo-0.5.3.dev0/tests
copying tests/test_analysis_methods_r32.py -> marivo-0.5.3.dev0/tests
copying tests/test_analysis_observe_cross_dataset_phase3.py -> marivo-0.5.3.dev0/tests
copying tests/test_analysis_observe_dynamic_grain.py -> marivo-0.5.3.dev0/tests
copying tests/test_analysis_refs_policies.py -> marivo-0.5.3.dev0/tests
copying tests/test_analysis_runtime_metric.py -> marivo-0.5.3.dev0/tests
copying tests/test_analysis_runtime_wheel.py -> marivo-0.5.3.dev0/tests
copying tests/test_analysis_session_connections.py -> marivo-0.5.3.dev0/tests
copying tests/test_analysis_session_core.py -> marivo-0.5.3.dev0/tests
copying tests/test_analysis_session_helpers.py -> marivo-0.5.3.dev0/tests
copying tests/test_analysis_session_profile_integration.py -> marivo-0.5.3.dev0/tests
copying tests/test_analysis_session_surface.py -> marivo-0.5.3.dev0/tests
copying tests/test_analysis_session_timezone.py -> marivo-0.5.3.dev0/tests
copying tests/test_analysis_trino_format_regression.py -> marivo-0.5.3.dev0/tests
copying tests/test_analysis_windows_grain.py -> marivo-0.5.3.dev0/tests
copying tests/test_analysis_windows_spec.py -> marivo-0.5.3.dev0/tests
copying tests/test_check_entrypoints.py -> marivo-0.5.3.dev0/tests
copying tests/test_cli.py -> marivo-0.5.3.dev0/tests
copying tests/test_compat.py -> marivo-0.5.3.dev0/tests
copying tests/test_config.py -> marivo-0.5.3.dev0/tests
copying tests/test_cutover_documentation_examples.py -> marivo-0.5.3.dev0/tests
copying tests/test_datasource_adapter_contract.py -> marivo-0.5.3.dev0/tests
copying tests/test_datasource_authoring_acquisition.py -> marivo-0.5.3.dev0/tests
copying tests/test_datasource_authoring_inspection.py -> marivo-0.5.3.dev0/tests
copying tests/test_datasource_authoring_sources.py -> marivo-0.5.3.dev0/tests
copying tests/test_datasource_authoring_store.py -> marivo-0.5.3.dev0/tests
copying tests/test_datasource_clickhouse_partition_hook.py -> marivo-0.5.3.dev0/tests
copying tests/test_datasource_connection_timeout.py -> marivo-0.5.3.dev0/tests
copying tests/test_datasource_cursor_frame.py -> marivo-0.5.3.dev0/tests
copying tests/test_datasource_engine_profiles.py -> marivo-0.5.3.dev0/tests
copying tests/test_datasource_imports.py -> marivo-0.5.3.dev0/tests
copying tests/test_datasource_json_source.py -> marivo-0.5.3.dev0/tests
copying tests/test_datasource_live_contracts.py -> marivo-0.5.3.dev0/tests
copying tests/test_datasource_live_errors.py -> marivo-0.5.3.dev0/tests
copying tests/test_datasource_live_help.py -> marivo-0.5.3.dev0/tests
copying tests/test_datasource_live_registry.py -> marivo-0.5.3.dev0/tests
copying tests/test_datasource_metadata.py -> marivo-0.5.3.dev0/tests
copying tests/test_datasource_metadata_schema_only.py -> marivo-0.5.3.dev0/tests
copying tests/test_datasource_packaging_metadata.py -> marivo-0.5.3.dev0/tests
copying tests/test_datasource_profiles_backends.py -> marivo-0.5.3.dev0/tests
copying tests/test_datasource_profiles_registry.py -> marivo-0.5.3.dev0/tests
copying tests/test_datasource_profiles_store.py -> marivo-0.5.3.dev0/tests
copying tests/test_datasource_projected_inspection.py -> marivo-0.5.3.dev0/tests
copying tests/test_datasource_provider_capabilities.py -> marivo-0.5.3.dev0/tests
copying tests/test_datasource_r16_regressions.py -> marivo-0.5.3.dev0/tests
copying tests/test_datasource_raw_sql.py -> marivo-0.5.3.dev0/tests
copying tests/test_datasource_runtime.py -> marivo-0.5.3.dev0/tests
copying tests/test_datasource_runtime_timezone.py -> marivo-0.5.3.dev0/tests
copying tests/test_datasource_secrets.py -> marivo-0.5.3.dev0/tests
copying tests/test_datasource_sqlite.py -> marivo-0.5.3.dev0/tests
copying tests/test_datasource_table_column_bindings.py -> marivo-0.5.3.dev0/tests
copying tests/test_datasource_table_source_expression.py -> marivo-0.5.3.dev0/tests
copying tests/test_datasource_trino_partition_hook.py -> marivo-0.5.3.dev0/tests
copying tests/test_datasource_typed_specs.py -> marivo-0.5.3.dev0/tests
copying tests/test_doctor.py -> marivo-0.5.3.dev0/tests
copying tests/test_event_quality_capabilities.py -> marivo-0.5.3.dev0/tests
copying tests/test_install_marivo_script.py -> marivo-0.5.3.dev0/tests
copying tests/test_install_marivo_script_uv.py -> marivo-0.5.3.dev0/tests
copying tests/test_installed_multisource.py -> marivo-0.5.3.dev0/tests
copying tests/test_introspection_contract.py -> marivo-0.5.3.dev0/tests
copying tests/test_introspection_core.py -> marivo-0.5.3.dev0/tests
copying tests/test_introspection_fuzzy.py -> marivo-0.5.3.dev0/tests
copying tests/test_introspection_live_capability.py -> marivo-0.5.3.dev0/tests
copying tests/test_introspection_live_effects.py -> marivo-0.5.3.dev0/tests
copying tests/test_introspection_live_errors.py -> marivo-0.5.3.dev0/tests
copying tests/test_introspection_live_reflect.py -> marivo-0.5.3.dev0/tests
copying tests/test_introspection_live_relocation.py -> marivo-0.5.3.dev0/tests
copying tests/test_introspection_live_repair.py -> marivo-0.5.3.dev0/tests
copying tests/test_introspection_live_resolve.py -> marivo-0.5.3.dev0/tests
copying tests/test_lazy_adapter_crash_acceptance.py -> marivo-0.5.3.dev0/tests
copying tests/test_lazy_adapter_failures.py -> marivo-0.5.3.dev0/tests
copying tests/test_lazy_adapter_parts.py -> marivo-0.5.3.dev0/tests
copying tests/test_lazy_adapter_runtime_acceptance.py -> marivo-0.5.3.dev0/tests
copying tests/test_lazy_artifact_adapters.py -> marivo-0.5.3.dev0/tests
copying tests/test_lazy_artifact_receipts.py -> marivo-0.5.3.dev0/tests
copying tests/test_lazy_attribute_compiler.py -> marivo-0.5.3.dev0/tests
copying tests/test_lazy_attribute_contracts.py -> marivo-0.5.3.dev0/tests
copying tests/test_lazy_attribute_guards.py -> marivo-0.5.3.dev0/tests
copying tests/test_lazy_attribute_numeric.py -> marivo-0.5.3.dev0/tests
copying tests/test_lazy_attribute_operand_runtime.py -> marivo-0.5.3.dev0/tests
copying tests/test_lazy_attribute_source_runtime.py -> marivo-0.5.3.dev0/tests
copying tests/test_lazy_attribution_masks.py -> marivo-0.5.3.dev0/tests
copying tests/test_lazy_attribution_publication.py -> marivo-0.5.3.dev0/tests
copying tests/test_lazy_attribution_runtime_acceptance.py -> marivo-0.5.3.dev0/tests
copying tests/test_lazy_backend_dispatch.py -> marivo-0.5.3.dev0/tests
copying tests/test_lazy_binding_cold_acceptance.py -> marivo-0.5.3.dev0/tests
copying tests/test_lazy_c9_admission.py -> marivo-0.5.3.dev0/tests
copying tests/test_lazy_calendar_buckets.py -> marivo-0.5.3.dev0/tests
copying tests/test_lazy_candidate_contracts.py -> marivo-0.5.3.dev0/tests
copying tests/test_lazy_candidate_failures.py -> marivo-0.5.3.dev0/tests
copying tests/test_lazy_candidate_numeric.py -> marivo-0.5.3.dev0/tests
copying tests/test_lazy_candidate_publication.py -> marivo-0.5.3.dev0/tests
copying tests/test_lazy_candidate_runtime.py -> marivo-0.5.3.dev0/tests
copying tests/test_lazy_candidate_runtime_acceptance.py -> marivo-0.5.3.dev0/tests
copying tests/test_lazy_candidate_worker.py -> marivo-0.5.3.dev0/tests
copying tests/test_lazy_clickhouse_distributed_runtime.py -> marivo-0.5.3.dev0/tests
copying tests/test_lazy_clickhouse_event_methods.py -> marivo-0.5.3.dev0/tests
copying tests/test_lazy_clickhouse_lifecycle_methods.py -> marivo-0.5.3.dev0/tests
copying tests/test_lazy_clickhouse_methods.py -> marivo-0.5.3.dev0/tests
copying tests/test_lazy_clickhouse_runtime.py -> marivo-0.5.3.dev0/tests
copying tests/test_lazy_clickhouse_transport.py -> marivo-0.5.3.dev0/tests
copying tests/test_lazy_compare_compiler.py -> marivo-0.5.3.dev0/tests
copying tests/test_lazy_compare_contracts.py -> marivo-0.5.3.dev0/tests
copying tests/test_lazy_compare_numeric.py -> marivo-0.5.3.dev0/tests
copying tests/test_lazy_compare_runtime.py -> marivo-0.5.3.dev0/tests
copying tests/test_lazy_compare_runtime_acceptance.py -> marivo-0.5.3.dev0/tests
copying tests/test_lazy_compare_time_runtime.py -> marivo-0.5.3.dev0/tests
copying tests/test_lazy_compiler.py -> marivo-0.5.3.dev0/tests
copying tests/test_lazy_computation_rollup_runtime.py -> marivo-0.5.3.dev0/tests
copying tests/test_lazy_computation_runtime.py -> marivo-0.5.3.dev0/tests
copying tests/test_lazy_contract_source_admission.py -> marivo-0.5.3.dev0/tests
copying tests/test_lazy_correlation_compiler.py -> marivo-0.5.3.dev0/tests
copying tests/test_lazy_correlation_contracts.py -> marivo-0.5.3.dev0/tests
copying tests/test_lazy_correlation_evidence.py -> marivo-0.5.3.dev0/tests
copying tests/test_lazy_correlation_failures.py -> marivo-0.5.3.dev0/tests
copying tests/test_lazy_correlation_numeric.py -> marivo-0.5.3.dev0/tests
copying tests/test_lazy_correlation_runtime.py -> marivo-0.5.3.dev0/tests
copying tests/test_lazy_correlation_runtime_acceptance.py -> marivo-0.5.3.dev0/tests
copying tests/test_lazy_cumulative_sources.py -> marivo-0.5.3.dev0/tests
copying tests/test_lazy_dataset_contract.py -> marivo-0.5.3.dev0/tests
copying tests/test_lazy_dataset_descriptors.py -> marivo-0.5.3.dev0/tests
copying tests/test_lazy_dataset_fields.py -> marivo-0.5.3.dev0/tests
copying tests/test_lazy_dataset_registry.py -> marivo-0.5.3.dev0/tests
copying tests/test_lazy_dataset_row_contract.py -> marivo-0.5.3.dev0/tests
copying tests/test_lazy_dataset_runtime_no_io.py -> marivo-0.5.3.dev0/tests
copying tests/test_lazy_dataset_values.py -> marivo-0.5.3.dev0/tests
copying tests/test_lazy_decimal_precision.py -> marivo-0.5.3.dev0/tests
copying tests/test_lazy_delta_publication.py -> marivo-0.5.3.dev0/tests
copying tests/test_lazy_disclosure.py -> marivo-0.5.3.dev0/tests
copying tests/test_lazy_dispatch_authority.py -> marivo-0.5.3.dev0/tests
copying tests/test_lazy_distinct_alignment.py -> marivo-0.5.3.dev0/tests
copying tests/test_lazy_distinct_compiler.py -> marivo-0.5.3.dev0/tests
copying tests/test_lazy_distinct_contracts.py -> marivo-0.5.3.dev0/tests
copying tests/test_lazy_distinct_expansion_windows.py -> marivo-0.5.3.dev0/tests
copying tests/test_lazy_distinct_fold.py -> marivo-0.5.3.dev0/tests
copying tests/test_lazy_distinct_numeric.py -> marivo-0.5.3.dev0/tests
copying tests/test_lazy_distinct_publication.py -> marivo-0.5.3.dev0/tests
copying tests/test_lazy_distinct_retained.py -> marivo-0.5.3.dev0/tests
copying tests/test_lazy_distinct_runtime.py -> marivo-0.5.3.dev0/tests
copying tests/test_lazy_distinct_runtime_acceptance.py -> marivo-0.5.3.dev0/tests
copying tests/test_lazy_distinct_source_runtime.py -> marivo-0.5.3.dev0/tests
copying tests/test_lazy_distribution_compiler.py -> marivo-0.5.3.dev0/tests
copying tests/test_lazy_distribution_contracts.py -> marivo-0.5.3.dev0/tests
copying tests/test_lazy_distribution_failures.py -> marivo-0.5.3.dev0/tests
copying tests/test_lazy_distribution_numeric.py -> marivo-0.5.3.dev0/tests
copying tests/test_lazy_distribution_runtime.py -> marivo-0.5.3.dev0/tests
copying tests/test_lazy_distribution_runtime_acceptance.py -> marivo-0.5.3.dev0/tests
copying tests/test_lazy_distribution_topk.py -> marivo-0.5.3.dev0/tests
copying tests/test_lazy_driver_compiler.py -> marivo-0.5.3.dev0/tests
copying tests/test_lazy_driver_contracts.py -> marivo-0.5.3.dev0/tests
copying tests/test_lazy_driver_failures.py -> marivo-0.5.3.dev0/tests
copying tests/test_lazy_driver_numeric.py -> marivo-0.5.3.dev0/tests
copying tests/test_lazy_driver_publication.py -> marivo-0.5.3.dev0/tests
copying tests/test_lazy_driver_runtime.py -> marivo-0.5.3.dev0/tests
copying tests/test_lazy_driver_runtime_acceptance.py -> marivo-0.5.3.dev0/tests
copying tests/test_lazy_duckdb_execution_adapter.py -> marivo-0.5.3.dev0/tests
copying tests/test_lazy_duration_preview.py -> marivo-0.5.3.dev0/tests
copying tests/test_lazy_entity_candidate_compiler.py -> marivo-0.5.3.dev0/tests
copying tests/test_lazy_entity_candidate_contracts.py -> marivo-0.5.3.dev0/tests
copying tests/test_lazy_entity_candidate_membership.py -> marivo-0.5.3.dev0/tests
copying tests/test_lazy_entity_candidate_numeric.py -> marivo-0.5.3.dev0/tests
copying tests/test_lazy_entity_candidate_publication.py -> marivo-0.5.3.dev0/tests
copying tests/test_lazy_entity_candidate_runtime_acceptance.py -> marivo-0.5.3.dev0/tests
copying tests/test_lazy_event_comparison_contracts.py -> marivo-0.5.3.dev0/tests
copying tests/test_lazy_event_comparison_numeric.py -> marivo-0.5.3.dev0/tests
copying tests/test_lazy_event_comparison_runtime.py -> marivo-0.5.3.dev0/tests
copying tests/test_lazy_event_compiler.py -> marivo-0.5.3.dev0/tests
copying tests/test_lazy_event_contracts.py -> marivo-0.5.3.dev0/tests
copying tests/test_lazy_event_coverage_runtime.py -> marivo-0.5.3.dev0/tests
copying tests/test_lazy_event_membership.py -> marivo-0.5.3.dev0/tests
copying tests/test_lazy_event_numeric.py -> marivo-0.5.3.dev0/tests
copying tests/test_lazy_event_population_continuations.py -> marivo-0.5.3.dev0/tests
copying tests/test_lazy_event_reducer_contracts.py -> marivo-0.5.3.dev0/tests
copying tests/test_lazy_event_reducer_failures.py -> marivo-0.5.3.dev0/tests
copying tests/test_lazy_event_reducer_numeric.py -> marivo-0.5.3.dev0/tests
copying tests/test_lazy_event_reducer_publication_runtime.py -> marivo-0.5.3.dev0/tests
copying tests/test_lazy_event_reducer_runtime.py -> marivo-0.5.3.dev0/tests
copying tests/test_lazy_event_reducer_runtime_acceptance.py -> marivo-0.5.3.dev0/tests
copying tests/test_lazy_event_reducer_storage.py -> marivo-0.5.3.dev0/tests
copying tests/test_lazy_event_runtime.py -> marivo-0.5.3.dev0/tests
copying tests/test_lazy_event_runtime_acceptance.py -> marivo-0.5.3.dev0/tests
copying tests/test_lazy_event_storage.py -> marivo-0.5.3.dev0/tests
copying tests/test_lazy_event_temporal.py -> marivo-0.5.3.dev0/tests
copying tests/test_lazy_event_time.py -> marivo-0.5.3.dev0/tests
copying tests/test_lazy_execution_economics.py -> marivo-0.5.3.dev0/tests
copying tests/test_lazy_execution_fixtures.py -> marivo-0.5.3.dev0/tests
copying tests/test_lazy_finding_reads.py -> marivo-0.5.3.dev0/tests
copying tests/test_lazy_finding_types.py -> marivo-0.5.3.dev0/tests
copying tests/test_lazy_forecast_contracts.py -> marivo-0.5.3.dev0/tests
copying tests/test_lazy_forecast_failures.py -> marivo-0.5.3.dev0/tests
copying tests/test_lazy_forecast_numeric.py -> marivo-0.5.3.dev0/tests
copying tests/test_lazy_forecast_runtime.py -> marivo-0.5.3.dev0/tests
copying tests/test_lazy_forecast_runtime_acceptance.py -> marivo-0.5.3.dev0/tests
copying tests/test_lazy_forecast_worker.py -> marivo-0.5.3.dev0/tests
copying tests/test_lazy_group_b_admission.py -> marivo-0.5.3.dev0/tests
copying tests/test_lazy_in_process_execution.py -> marivo-0.5.3.dev0/tests
copying tests/test_lazy_inspection_boundaries.py -> marivo-0.5.3.dev0/tests
copying tests/test_lazy_integrity_inspection.py -> marivo-0.5.3.dev0/tests
copying tests/test_lazy_lifecycle_contracts.py -> marivo-0.5.3.dev0/tests
copying tests/test_lazy_lifecycle_coverage_runtime.py -> marivo-0.5.3.dev0/tests
copying tests/test_lazy_lifecycle_numeric.py -> marivo-0.5.3.dev0/tests
copying tests/test_lazy_lifecycle_reducer_contracts.py -> marivo-0.5.3.dev0/tests
copying tests/test_lazy_lifecycle_reducer_failures.py -> marivo-0.5.3.dev0/tests
copying tests/test_lazy_lifecycle_reducer_numeric.py -> marivo-0.5.3.dev0/tests
copying tests/test_lazy_lifecycle_reducer_review_runtime.py -> marivo-0.5.3.dev0/tests
copying tests/test_lazy_lifecycle_reducer_runtime_acceptance.py -> marivo-0.5.3.dev0/tests
copying tests/test_lazy_lifecycle_reducers_runtime.py -> marivo-0.5.3.dev0/tests
copying tests/test_lazy_lifecycle_runtime.py -> marivo-0.5.3.dev0/tests
copying tests/test_lazy_lifecycle_runtime_acceptance.py -> marivo-0.5.3.dev0/tests
copying tests/test_lazy_local_execution.py -> marivo-0.5.3.dev0/tests
copying tests/test_lazy_local_fold.py -> marivo-0.5.3.dev0/tests
copying tests/test_lazy_local_graph_lifetime.py -> marivo-0.5.3.dev0/tests
copying tests/test_lazy_local_guards.py -> marivo-0.5.3.dev0/tests
copying tests/test_lazy_local_placement.py -> marivo-0.5.3.dev0/tests
copying tests/test_lazy_local_rows.py -> marivo-0.5.3.dev0/tests
copying tests/test_lazy_local_runtime_acceptance.py -> marivo-0.5.3.dev0/tests
copying tests/test_lazy_materialization_codec.py -> marivo-0.5.3.dev0/tests
copying tests/test_lazy_materialization_execution.py -> marivo-0.5.3.dev0/tests
copying tests/test_lazy_materialization_failures.py -> marivo-0.5.3.dev0/tests
copying tests/test_lazy_materialization_guard.py -> marivo-0.5.3.dev0/tests
copying tests/test_lazy_materialization_runtime_acceptance.py -> marivo-0.5.3.dev0/tests
copying tests/test_lazy_materialization_storage.py -> marivo-0.5.3.dev0/tests
copying tests/test_lazy_materialization_store.py -> marivo-0.5.3.dev0/tests
copying tests/test_lazy_multisource_environment.py -> marivo-0.5.3.dev0/tests
copying tests/test_lazy_multisource_qualification.py -> marivo-0.5.3.dev0/tests
copying tests/test_lazy_mysql_methods.py -> marivo-0.5.3.dev0/tests
copying tests/test_lazy_mysql_runtime.py -> marivo-0.5.3.dev0/tests
copying tests/test_lazy_native_part_schema.py -> marivo-0.5.3.dev0/tests
copying tests/test_lazy_observation_contracts.py -> marivo-0.5.3.dev0/tests
copying tests/test_lazy_observation_predicates.py -> marivo-0.5.3.dev0/tests
copying tests/test_lazy_observation_runtime_no_io.py -> marivo-0.5.3.dev0/tests
copying tests/test_lazy_observation_source_algebra.py -> marivo-0.5.3.dev0/tests
copying tests/test_lazy_observation_source_bindings.py -> marivo-0.5.3.dev0/tests
copying tests/test_lazy_ordered_storage.py -> marivo-0.5.3.dev0/tests
copying tests/test_lazy_parquet_private_state.py -> marivo-0.5.3.dev0/tests
copying tests/test_lazy_parsed_time_admission.py -> marivo-0.5.3.dev0/tests
copying tests/test_lazy_postgres_admission.py -> marivo-0.5.3.dev0/tests
copying tests/test_lazy_postgres_errors.py -> marivo-0.5.3.dev0/tests
copying tests/test_lazy_postgres_event_methods.py -> marivo-0.5.3.dev0/tests
copying tests/test_lazy_postgres_execution_adapter.py -> marivo-0.5.3.dev0/tests
copying tests/test_lazy_postgres_forms_baseline.py -> marivo-0.5.3.dev0/tests
copying tests/test_lazy_postgres_lifecycle_methods.py -> marivo-0.5.3.dev0/tests
copying tests/test_lazy_postgres_methods.py -> marivo-0.5.3.dev0/tests
copying tests/test_lazy_postgres_recovery.py -> marivo-0.5.3.dev0/tests
copying tests/test_lazy_postgres_runtime.py -> marivo-0.5.3.dev0/tests
copying tests/test_lazy_predicate_algebra.py -> marivo-0.5.3.dev0/tests
copying tests/test_lazy_public_read_acceptance.py -> marivo-0.5.3.dev0/tests
copying tests/test_lazy_public_relationships.py -> marivo-0.5.3.dev0/tests
copying tests/test_lazy_public_session.py -> marivo-0.5.3.dev0/tests
copying tests/test_lazy_read_integrity_regressions.py -> marivo-0.5.3.dev0/tests
copying tests/test_lazy_reconciliation_snapshot.py -> marivo-0.5.3.dev0/tests
copying tests/test_lazy_retained_compiler.py -> marivo-0.5.3.dev0/tests
copying tests/test_lazy_retained_failures.py -> marivo-0.5.3.dev0/tests
copying tests/test_lazy_retained_fold_matrix.py -> marivo-0.5.3.dev0/tests
copying tests/test_lazy_retained_linear_rollup_equation.py -> marivo-0.5.3.dev0/tests
copying tests/test_lazy_retained_membership.py -> marivo-0.5.3.dev0/tests
copying tests/test_lazy_retained_review_folds.py -> marivo-0.5.3.dev0/tests
copying tests/test_lazy_retained_review_runtime.py -> marivo-0.5.3.dev0/tests
copying tests/test_lazy_retained_roles.py -> marivo-0.5.3.dev0/tests
copying tests/test_lazy_retained_runtime.py -> marivo-0.5.3.dev0/tests
copying tests/test_lazy_retained_runtime_acceptance.py -> marivo-0.5.3.dev0/tests
copying tests/test_lazy_row_expression_admission.py -> marivo-0.5.3.dev0/tests
copying tests/test_lazy_runtime_concurrency.py -> marivo-0.5.3.dev0/tests
copying tests/test_lazy_runtime_metric.py -> marivo-0.5.3.dev0/tests
copying tests/test_lazy_runtime_read_acceptance.py -> marivo-0.5.3.dev0/tests
copying tests/test_lazy_runtime_reads.py -> marivo-0.5.3.dev0/tests
copying tests/test_lazy_scalar_admission.py -> marivo-0.5.3.dev0/tests
copying tests/test_lazy_scalar_execution_adapter.py -> marivo-0.5.3.dev0/tests
copying tests/test_lazy_scalar_recovery.py -> marivo-0.5.3.dev0/tests
copying tests/test_lazy_scalar_transport.py -> marivo-0.5.3.dev0/tests
copying tests/test_lazy_scalar_type_runtime.py -> marivo-0.5.3.dev0/tests
copying tests/test_lazy_scalar_types.py -> marivo-0.5.3.dev0/tests
copying tests/test_lazy_scope_recovery.py -> marivo-0.5.3.dev0/tests
copying tests/test_lazy_semantic_normalization.py -> marivo-0.5.3.dev0/tests
copying tests/test_lazy_session_graph.py -> marivo-0.5.3.dev0/tests
copying tests/test_lazy_session_history.py -> marivo-0.5.3.dev0/tests
copying tests/test_lazy_slice4_boundaries.py -> marivo-0.5.3.dev0/tests
copying tests/test_lazy_source_algebra.py -> marivo-0.5.3.dev0/tests
copying tests/test_lazy_source_construction_no_io.py -> marivo-0.5.3.dev0/tests
copying tests/test_lazy_source_dependencies.py -> marivo-0.5.3.dev0/tests
copying tests/test_lazy_source_dependency_runtime.py -> marivo-0.5.3.dev0/tests
copying tests/test_lazy_source_natural_order.py -> marivo-0.5.3.dev0/tests
copying tests/test_lazy_source_ordering.py -> marivo-0.5.3.dev0/tests
copying tests/test_lazy_source_runtime_acceptance.py -> marivo-0.5.3.dev0/tests
copying tests/test_lazy_source_schema.py -> marivo-0.5.3.dev0/tests
copying tests/test_lazy_sqlite_methods.py -> marivo-0.5.3.dev0/tests
copying tests/test_lazy_sqlite_runtime.py -> marivo-0.5.3.dev0/tests
copying tests/test_lazy_state_admission.py -> marivo-0.5.3.dev0/tests
copying tests/test_lazy_statement_statistics.py -> marivo-0.5.3.dev0/tests
copying tests/test_lazy_status_fold_admission.py -> marivo-0.5.3.dev0/tests
copying tests/test_lazy_temporal_backend_runtime.py -> marivo-0.5.3.dev0/tests
copying tests/test_lazy_temporal_backends.py -> marivo-0.5.3.dev0/tests
copying tests/test_lazy_temporal_parsing.py -> marivo-0.5.3.dev0/tests
copying tests/test_lazy_temporal_public_runtime.py -> marivo-0.5.3.dev0/tests
copying tests/test_lazy_temporal_runtime.py -> marivo-0.5.3.dev0/tests
copying tests/test_lazy_temporal_source.py -> marivo-0.5.3.dev0/tests
copying tests/test_lazy_trino_event_methods.py -> marivo-0.5.3.dev0/tests
copying tests/test_lazy_trino_lifecycle_methods.py -> marivo-0.5.3.dev0/tests
copying tests/test_lazy_trino_methods.py -> marivo-0.5.3.dev0/tests
copying tests/test_lazy_trino_non_iceberg_runtime.py -> marivo-0.5.3.dev0/tests
copying tests/test_lazy_trino_runtime.py -> marivo-0.5.3.dev0/tests
copying tests/test_lazy_trino_transport.py -> marivo-0.5.3.dev0/tests
copying tests/test_lazy_validation_batches.py -> marivo-0.5.3.dev0/tests
copying tests/test_metric_expression_graph.py -> marivo-0.5.3.dev0/tests
copying tests/test_metric_split_closeout.py -> marivo-0.5.3.dev0/tests
copying tests/test_metric_split_foundation.py -> marivo-0.5.3.dev0/tests
copying tests/test_metric_split_materializer.py -> marivo-0.5.3.dev0/tests
copying tests/test_metric_split_resolution.py -> marivo-0.5.3.dev0/tests
copying tests/test_metric_unit_algebra.py -> marivo-0.5.3.dev0/tests
copying tests/test_metric_unit_propagation.py -> marivo-0.5.3.dev0/tests
copying tests/test_metric_unit_state_from_dict.py -> marivo-0.5.3.dev0/tests
copying tests/test_ontology_extension.py -> marivo-0.5.3.dev0/tests
copying tests/test_packaged_skill_shape.py -> marivo-0.5.3.dev0/tests
copying tests/test_preview.py -> marivo-0.5.3.dev0/tests
copying tests/test_project.py -> marivo-0.5.3.dev0/tests
copying tests/test_public_quantile_input.py -> marivo-0.5.3.dev0/tests
copying tests/test_public_surface.py -> marivo-0.5.3.dev0/tests
copying tests/test_r11_legacy_domain_block.py -> marivo-0.5.3.dev0/tests
copying tests/test_r12_source_adapters_runtime.py -> marivo-0.5.3.dev0/tests
copying tests/test_r13_control_boundaries.py -> marivo-0.5.3.dev0/tests
copying tests/test_refs.py -> marivo-0.5.3.dev0/tests
copying tests/test_render_helpers.py -> marivo-0.5.3.dev0/tests
copying tests/test_semantic_agent_tightening.py -> marivo-0.5.3.dev0/tests
copying tests/test_semantic_assembly.py -> marivo-0.5.3.dev0/tests
copying tests/test_semantic_authoring.py -> marivo-0.5.3.dev0/tests
copying tests/test_semantic_authoring_snapshot_e2e.py -> marivo-0.5.3.dev0/tests
copying tests/test_semantic_authoring_surface_phase1.py -> marivo-0.5.3.dev0/tests
copying tests/test_semantic_authoring_surface_phase3.py -> marivo-0.5.3.dev0/tests
copying tests/test_semantic_catalog.py -> marivo-0.5.3.dev0/tests
copying tests/test_semantic_catalog_discovery.py -> marivo-0.5.3.dev0/tests
copying tests/test_semantic_catalog_generic_accessor.py -> marivo-0.5.3.dev0/tests
copying tests/test_semantic_catalog_metric_split.py -> marivo-0.5.3.dev0/tests
copying tests/test_semantic_catalog_navigation.py -> marivo-0.5.3.dev0/tests
copying tests/test_semantic_cumulative.py -> marivo-0.5.3.dev0/tests
copying tests/test_semantic_cumulative_fiscal_reset.py -> marivo-0.5.3.dev0/tests
copying tests/test_semantic_cumulative_v2_authoring.py -> marivo-0.5.3.dev0/tests
copying tests/test_semantic_dtos.py -> marivo-0.5.3.dev0/tests
copying tests/test_semantic_event.py -> marivo-0.5.3.dev0/tests
copying tests/test_semantic_expression_binding.py -> marivo-0.5.3.dev0/tests
copying tests/test_semantic_expression_binding_materializer.py -> marivo-0.5.3.dev0/tests
copying tests/test_semantic_imports.py -> marivo-0.5.3.dev0/tests
copying tests/test_semantic_ladder.py -> marivo-0.5.3.dev0/tests
copying tests/test_semantic_layer_paths.py -> marivo-0.5.3.dev0/tests
copying tests/test_semantic_live_contracts.py -> marivo-0.5.3.dev0/tests
copying tests/test_semantic_live_errors.py -> marivo-0.5.3.dev0/tests
copying tests/test_semantic_live_help.py -> marivo-0.5.3.dev0/tests
copying tests/test_semantic_live_registry.py -> marivo-0.5.3.dev0/tests
copying tests/test_semantic_load_entrypoints.py -> marivo-0.5.3.dev0/tests
copying tests/test_semantic_loader.py -> marivo-0.5.3.dev0/tests
copying tests/test_semantic_materializer.py -> marivo-0.5.3.dev0/tests
copying tests/test_semantic_metric_graph_lowering.py -> marivo-0.5.3.dev0/tests
copying tests/test_semantic_phase1_contracts.py -> marivo-0.5.3.dev0/tests
copying tests/test_semantic_phase2_validity.py -> marivo-0.5.3.dev0/tests
copying tests/test_semantic_phase3_fanout_policy.py -> marivo-0.5.3.dev0/tests
copying tests/test_semantic_projected_source_coherence.py -> marivo-0.5.3.dev0/tests
copying tests/test_semantic_r21_identity_relationship.py -> marivo-0.5.3.dev0/tests
copying tests/test_semantic_r22_metric_graph.py -> marivo-0.5.3.dev0/tests
copying tests/test_semantic_r23_business_order.py -> marivo-0.5.3.dev0/tests
copying tests/test_semantic_r24_handoff.py -> marivo-0.5.3.dev0/tests
copying tests/test_semantic_reader.py -> marivo-0.5.3.dev0/tests
copying tests/test_semantic_readiness.py -> marivo-0.5.3.dev0/tests
copying tests/test_semantic_refs.py -> marivo-0.5.3.dev0/tests
copying tests/test_semantic_resolver.py -> marivo-0.5.3.dev0/tests
copying tests/test_semantic_richness.py -> marivo-0.5.3.dev0/tests
copying tests/test_semantic_scoped_preview.py -> marivo-0.5.3.dev0/tests
copying tests/test_semantic_source_health.py -> marivo-0.5.3.dev0/tests
copying tests/test_semantic_state_model.py -> marivo-0.5.3.dev0/tests
copying tests/test_semantic_subsecond_granularity.py -> marivo-0.5.3.dev0/tests
copying tests/test_semantic_time_format.py -> marivo-0.5.3.dev0/tests
copying tests/test_semantic_validator.py -> marivo-0.5.3.dev0/tests
copying tests/test_sqlite_semantic_integration.py -> marivo-0.5.3.dev0/tests
copying tests/test_telemetry.py -> marivo-0.5.3.dev0/tests
copying tests/test_unified_help.py -> marivo-0.5.3.dev0/tests
copying tests/test_unified_refs.py -> marivo-0.5.3.dev0/tests
copying tests/test_zero_init.py -> marivo-0.5.3.dev0/tests
Writing marivo-0.5.3.dev0/setup.cfg
Creating tar archive
removing 'marivo-0.5.3.dev0' (and everything under it)
* Building wheel from sdist
* Creating isolated environment: venv+pip...
* Installing packages in isolated environment:
  - setuptools>=68.0
* Getting build dependencies for wheel...
running egg_info
writing marivo.egg-info/PKG-INFO
writing dependency_links to marivo.egg-info/dependency_links.txt
writing entry points to marivo.egg-info/entry_points.txt
writing requirements to marivo.egg-info/requires.txt
writing top-level names to marivo.egg-info/top_level.txt
reading manifest file 'marivo.egg-info/SOURCES.txt'
reading manifest template 'MANIFEST.in'
warning: no previously-included files matching '__pycache__' found anywhere in distribution
warning: no previously-included files matching '*.py[cod]' found anywhere in distribution
warning: no previously-included files matching '.DS_Store' found anywhere in distribution
adding license file 'LICENSE'
writing manifest file 'marivo.egg-info/SOURCES.txt'
* Building wheel...
running bdist_wheel
running build
running build_py
creating build/lib/marivo
copying marivo/preview.py -> build/lib/marivo
copying marivo/_temporal.py -> build/lib/marivo
copying marivo/config.py -> build/lib/marivo
copying marivo/render.py -> build/lib/marivo
copying marivo/__init__.py -> build/lib/marivo
copying marivo/_fixed_duration.py -> build/lib/marivo
copying marivo/cli.py -> build/lib/marivo
copying marivo/refs.py -> build/lib/marivo
copying marivo/_compat.py -> build/lib/marivo
copying marivo/doctor.py -> build/lib/marivo
copying marivo/__main__.py -> build/lib/marivo
copying marivo/project.py -> build/lib/marivo
creating build/lib/marivo/datasource
copying marivo/datasource/catalog.py -> build/lib/marivo/datasource
copying marivo/datasource/store.py -> build/lib/marivo/datasource
copying marivo/datasource/metadata.py -> build/lib/marivo/datasource
copying marivo/datasource/strptime.py -> build/lib/marivo/datasource
copying marivo/datasource/__init__.py -> build/lib/marivo/datasource
copying marivo/datasource/ir.py -> build/lib/marivo/datasource
copying marivo/datasource/runtime.py -> build/lib/marivo/datasource
copying marivo/datasource/table_source.py -> build/lib/marivo/datasource
copying marivo/datasource/inspection.py -> build/lib/marivo/datasource
copying marivo/datasource/backends.py -> build/lib/marivo/datasource
copying marivo/datasource/json_source.py -> build/lib/marivo/datasource
copying marivo/datasource/authoring.py -> build/lib/marivo/datasource
copying marivo/datasource/secrets.py -> build/lib/marivo/datasource
copying marivo/datasource/capabilities.py -> build/lib/marivo/datasource
copying marivo/datasource/loader.py -> build/lib/marivo/datasource
copying marivo/datasource/manage.py -> build/lib/marivo/datasource
copying marivo/datasource/constraints.py -> build/lib/marivo/datasource
copying marivo/datasource/errors.py -> build/lib/marivo/datasource
copying marivo/datasource/authoring_store.py -> build/lib/marivo/datasource
copying marivo/datasource/typing.py -> build/lib/marivo/datasource
copying marivo/datasource/timezone.py -> build/lib/marivo/datasource
copying marivo/datasource/source.py -> build/lib/marivo/datasource
copying marivo/datasource/snapshot.py -> build/lib/marivo/datasource
copying marivo/datasource/adapters.py -> build/lib/marivo/datasource
creating build/lib/marivo/analysis
copying marivo/analysis/event.py -> build/lib/marivo/analysis
copying marivo/analysis/subject.py -> build/lib/marivo/analysis
copying marivo/analysis/__init__.py -> build/lib/marivo/analysis
copying marivo/analysis/public_dsl.py -> build/lib/marivo/analysis
copying marivo/analysis/lifecycle.py -> build/lib/marivo/analysis
copying marivo/analysis/runtime_metric.py -> build/lib/marivo/analysis
copying marivo/analysis/refs.py -> build/lib/marivo/analysis
copying marivo/analysis/errors.py -> build/lib/marivo/analysis
copying marivo/analysis/timezone.py -> build/lib/marivo/analysis
copying marivo/analysis/funnel.py -> build/lib/marivo/analysis
copying marivo/analysis/_public.py -> build/lib/marivo/analysis
copying marivo/analysis/_pages.py -> build/lib/marivo/analysis
creating build/lib/marivo/_authoring
copying marivo/_authoring/__init__.py -> build/lib/marivo/_authoring
copying marivo/_authoring/model.py -> build/lib/marivo/_authoring
copying marivo/_authoring/errors.py -> build/lib/marivo/_authoring
creating build/lib/marivo/introspection
copying marivo/introspection/describe.py -> build/lib/marivo/introspection
copying marivo/introspection/render.py -> build/lib/marivo/introspection
copying marivo/introspection/__init__.py -> build/lib/marivo/introspection
copying marivo/introspection/_fuzzy.py -> build/lib/marivo/introspection
copying marivo/introspection/constraints.py -> build/lib/marivo/introspection
copying marivo/introspection/errors.py -> build/lib/marivo/introspection
copying marivo/introspection/surface.py -> build/lib/marivo/introspection
copying marivo/introspection/schema.py -> build/lib/marivo/introspection
creating build/lib/marivo/ontology
copying marivo/ontology/catalog.py -> build/lib/marivo/ontology
copying marivo/ontology/__init__.py -> build/lib/marivo/ontology
copying marivo/ontology/types.py -> build/lib/marivo/ontology
copying marivo/ontology/errors.py -> build/lib/marivo/ontology
copying marivo/ontology/_authoring.py -> build/lib/marivo/ontology
creating build/lib/marivo/semantic
copying marivo/semantic/validator.py -> build/lib/marivo/semantic
copying marivo/semantic/catalog.py -> build/lib/marivo/semantic
copying marivo/semantic/_filter_runtime.py -> build/lib/marivo/semantic
copying marivo/semantic/preview_scope.py -> build/lib/marivo/semantic
copying marivo/semantic/_quantile.py -> build/lib/marivo/semantic
copying marivo/semantic/metric_graph_canonical.py -> build/lib/marivo/semantic
copying marivo/semantic/event.py -> build/lib/marivo/semantic
copying marivo/semantic/_expression_binding.py -> build/lib/marivo/semantic
copying marivo/semantic/_authoring_values.py -> build/lib/marivo/semantic
copying marivo/semantic/_compiled_state.py -> build/lib/marivo/semantic
copying marivo/semantic/check.py -> build/lib/marivo/semantic
copying marivo/semantic/_authoring_context.py -> build/lib/marivo/semantic
copying marivo/semantic/dtos.py -> build/lib/marivo/semantic
copying marivo/semantic/_authoring_temporal.py -> build/lib/marivo/semantic
copying marivo/semantic/runtime_metric_lowering.py -> build/lib/marivo/semantic
copying marivo/semantic/_definition_identity.py -> build/lib/marivo/semantic
copying marivo/semantic/__init__.py -> build/lib/marivo/semantic
copying marivo/semantic/time_format.py -> build/lib/marivo/semantic
copying marivo/semantic/ir.py -> build/lib/marivo/semantic
copying marivo/semantic/materializer.py -> build/lib/marivo/semantic
copying marivo/semantic/reader.py -> build/lib/marivo/semantic
copying marivo/semantic/business_order.py -> build/lib/marivo/semantic
copying marivo/semantic/authoring.py -> build/lib/marivo/semantic
copying marivo/semantic/richness.py -> build/lib/marivo/semantic
copying marivo/semantic/state_model.py -> build/lib/marivo/semantic
copying marivo/semantic/_metric_resolution.py -> build/lib/marivo/semantic
copying marivo/semantic/loader.py -> build/lib/marivo/semantic
copying marivo/semantic/metric_graph.py -> build/lib/marivo/semantic
copying marivo/semantic/resolver.py -> build/lib/marivo/semantic
copying marivo/semantic/runtime_metric.py -> build/lib/marivo/semantic
copying marivo/semantic/source_health.py -> build/lib/marivo/semantic
copying marivo/semantic/_authoring_metrics.py -> build/lib/marivo/semantic
copying marivo/semantic/_authoring_declarations.py -> build/lib/marivo/semantic
copying marivo/semantic/constraints.py -> build/lib/marivo/semantic
copying marivo/semantic/errors.py -> build/lib/marivo/semantic
copying marivo/semantic/_dsl_authoring.py -> build/lib/marivo/semantic
copying marivo/semantic/readiness.py -> build/lib/marivo/semantic
copying marivo/semantic/_authoring_validation.py -> build/lib/marivo/semantic
copying marivo/semantic/_authoring_decorators.py -> build/lib/marivo/semantic
copying marivo/semantic/typing.py -> build/lib/marivo/semantic
copying marivo/semantic/metric_graph_lowering.py -> build/lib/marivo/semantic
copying marivo/semantic/_registry_bridge.py -> build/lib/marivo/semantic
copying marivo/semantic/decimal_precision.py -> build/lib/marivo/semantic
copying marivo/semantic/unit_algebra.py -> build/lib/marivo/semantic
creating build/lib/marivo/skills
copying marivo/skills/__init__.py -> build/lib/marivo/skills
creating build/lib/marivo/telemetry
copying marivo/telemetry/__init__.py -> build/lib/marivo/telemetry
creating build/lib/marivo/_help
copying marivo/_help/bootstrap.py -> build/lib/marivo/_help
copying marivo/_help/render.py -> build/lib/marivo/_help
copying marivo/_help/route.py -> build/lib/marivo/_help
copying marivo/_help/__init__.py -> build/lib/marivo/_help
copying marivo/_help/model.py -> build/lib/marivo/_help
copying marivo/_help/topics.py -> build/lib/marivo/_help
copying marivo/_help/object_briefing.py -> build/lib/marivo/_help
creating build/lib/marivo/datasource/_capabilities
copying marivo/datasource/_capabilities/render.py -> build/lib/marivo/datasource/_capabilities
copying marivo/datasource/_capabilities/registry.py -> build/lib/marivo/datasource/_capabilities
copying marivo/datasource/_capabilities/__init__.py -> build/lib/marivo/datasource/_capabilities
copying marivo/datasource/_capabilities/model.py -> build/lib/marivo/datasource/_capabilities
copying marivo/datasource/_capabilities/contracts.py -> build/lib/marivo/datasource/_capabilities
copying marivo/datasource/_capabilities/surface.py -> build/lib/marivo/datasource/_capabilities
copying marivo/datasource/_capabilities/validation.py -> build/lib/marivo/datasource/_capabilities
creating build/lib/marivo/datasource/engines
copying marivo/datasource/engines/clickhouse.py -> build/lib/marivo/datasource/engines
copying marivo/datasource/engines/trino.py -> build/lib/marivo/datasource/engines
copying marivo/datasource/engines/__init__.py -> build/lib/marivo/datasource/engines
copying marivo/datasource/engines/sqlite.py -> build/lib/marivo/datasource/engines
copying marivo/datasource/engines/postgres.py -> build/lib/marivo/datasource/engines
copying marivo/datasource/engines/scalar_decode.py -> build/lib/marivo/datasource/engines
copying marivo/datasource/engines/duckdb.py -> build/lib/marivo/datasource/engines
copying marivo/datasource/engines/base.py -> build/lib/marivo/datasource/engines
copying marivo/datasource/engines/mysql.py -> build/lib/marivo/datasource/engines
creating build/lib/marivo/analysis/methods
copying marivo/analysis/methods/registry.py -> build/lib/marivo/analysis/methods
copying marivo/analysis/methods/local.py -> build/lib/marivo/analysis/methods
copying marivo/analysis/methods/semantics.py -> build/lib/marivo/analysis/methods
copying marivo/analysis/methods/__init__.py -> build/lib/marivo/analysis/methods
copying marivo/analysis/methods/state_validation.py -> build/lib/marivo/analysis/methods
copying marivo/analysis/methods/builtin.py -> build/lib/marivo/analysis/methods
copying marivo/analysis/methods/errors.py -> build/lib/marivo/analysis/methods
copying marivo/analysis/methods/physical.py -> build/lib/marivo/analysis/methods
creating build/lib/marivo/analysis/domains
copying marivo/analysis/domains/event.py -> build/lib/marivo/analysis/domains
copying marivo/analysis/domains/_disclosure.py -> build/lib/marivo/analysis/domains
copying marivo/analysis/domains/subject.py -> build/lib/marivo/analysis/domains
copying marivo/analysis/domains/lifecycle_reducers.py -> build/lib/marivo/analysis/domains
copying marivo/analysis/domains/__init__.py -> build/lib/marivo/analysis/domains
copying marivo/analysis/domains/event_attribution.py -> build/lib/marivo/analysis/domains
copying marivo/analysis/domains/event_reducers.py -> build/lib/marivo/analysis/domains
copying marivo/analysis/domains/completeness.py -> build/lib/marivo/analysis/domains
copying marivo/analysis/domains/lifecycle.py -> build/lib/marivo/analysis/domains
copying marivo/analysis/domains/event_attribution_values.py -> build/lib/marivo/analysis/domains
copying marivo/analysis/domains/contracts.py -> build/lib/marivo/analysis/domains
copying marivo/analysis/domains/errors.py -> build/lib/marivo/analysis/domains
copying marivo/analysis/domains/event_comparison.py -> build/lib/marivo/analysis/domains
copying marivo/analysis/domains/event_comparison_values.py -> build/lib/marivo/analysis/domains
creating build/lib/marivo/analysis/core
copying marivo/analysis/core/local_laws.py -> build/lib/marivo/analysis/core
copying marivo/analysis/core/predicates.py -> build/lib/marivo/analysis/core
copying marivo/analysis/core/graph.py -> build/lib/marivo/analysis/core
copying marivo/analysis/core/__init__.py -> build/lib/marivo/analysis/core
copying marivo/analysis/core/rules.py -> build/lib/marivo/analysis/core
copying marivo/analysis/core/model.py -> build/lib/marivo/analysis/core
creating build/lib/marivo/analysis/evidence
copying marivo/analysis/evidence/_dataset_types.py -> build/lib/marivo/analysis/evidence
copying marivo/analysis/evidence/__init__.py -> build/lib/marivo/analysis/evidence
copying marivo/analysis/evidence/_dataset_codec.py -> build/lib/marivo/analysis/evidence
copying marivo/analysis/evidence/_dataset_reads.py -> build/lib/marivo/analysis/evidence
creating build/lib/marivo/analysis/operators
copying marivo/analysis/operators/correlate.py -> build/lib/marivo/analysis/operators
copying marivo/analysis/operators/rollup.py -> build/lib/marivo/analysis/operators
copying marivo/analysis/operators/row_values.py -> build/lib/marivo/analysis/operators
copying marivo/analysis/operators/postgres_support.py -> build/lib/marivo/analysis/operators
copying marivo/analysis/operators/forecast.py -> build/lib/marivo/analysis/operators
copying marivo/analysis/operators/attribute.py -> build/lib/marivo/analysis/operators
copying marivo/analysis/operators/attribution_contracts.py -> build/lib/marivo/analysis/operators
copying marivo/analysis/operators/association_contracts.py -> build/lib/marivo/analysis/operators
copying marivo/analysis/operators/_disclosure.py -> build/lib/marivo/analysis/operators
copying marivo/analysis/operators/discovery.py -> build/lib/marivo/analysis/operators
copying marivo/analysis/operators/registry.py -> build/lib/marivo/analysis/operators
copying marivo/analysis/operators/delta_state.py -> build/lib/marivo/analysis/operators
copying marivo/analysis/operators/sqlite_support.py -> build/lib/marivo/analysis/operators
copying marivo/analysis/operators/driver_axes.py -> build/lib/marivo/analysis/operators
copying marivo/analysis/operators/distribution_values.py -> build/lib/marivo/analysis/operators
copying marivo/analysis/operators/__init__.py -> build/lib/marivo/analysis/operators
copying marivo/analysis/operators/candidate_dataset.py -> build/lib/marivo/analysis/operators
copying marivo/analysis/operators/candidate_contracts.py -> build/lib/marivo/analysis/operators
copying marivo/analysis/operators/driver_expansion.py -> build/lib/marivo/analysis/operators
copying marivo/analysis/operators/forecast_values.py -> build/lib/marivo/analysis/operators
copying marivo/analysis/operators/driver_contracts.py -> build/lib/marivo/analysis/operators
copying marivo/analysis/operators/association_values.py -> build/lib/marivo/analysis/operators
copying marivo/analysis/operators/attribute_expansion.py -> build/lib/marivo/analysis/operators
copying marivo/analysis/operators/clickhouse_support.py -> build/lib/marivo/analysis/operators
copying marivo/analysis/operators/association.py -> build/lib/marivo/analysis/operators
copying marivo/analysis/operators/attribution.py -> build/lib/marivo/analysis/operators
copying marivo/analysis/operators/candidate_values.py -> build/lib/marivo/analysis/operators
copying marivo/analysis/operators/delta.py -> build/lib/marivo/analysis/operators
copying marivo/analysis/operators/contracts.py -> build/lib/marivo/analysis/operators
copying marivo/analysis/operators/forecast_contracts.py -> build/lib/marivo/analysis/operators
copying marivo/analysis/operators/forecast_dataset.py -> build/lib/marivo/analysis/operators
copying marivo/analysis/operators/mysql_support.py -> build/lib/marivo/analysis/operators
copying marivo/analysis/operators/errors.py -> build/lib/marivo/analysis/operators
copying marivo/analysis/operators/scalar_support.py -> build/lib/marivo/analysis/operators
copying marivo/analysis/operators/attribute_values.py -> build/lib/marivo/analysis/operators
copying marivo/analysis/operators/driver_values.py -> build/lib/marivo/analysis/operators
copying marivo/analysis/operators/row.py -> build/lib/marivo/analysis/operators
copying marivo/analysis/operators/trino_support.py -> build/lib/marivo/analysis/operators
copying marivo/analysis/operators/compare.py -> build/lib/marivo/analysis/operators
creating build/lib/marivo/analysis/datasets
copying marivo/analysis/datasets/handles.py -> build/lib/marivo/analysis/datasets
copying marivo/analysis/datasets/fields.py -> build/lib/marivo/analysis/datasets
copying marivo/analysis/datasets/_disclosure.py -> build/lib/marivo/analysis/datasets
copying marivo/analysis/datasets/registry.py -> build/lib/marivo/analysis/datasets
copying marivo/analysis/datasets/actions.py -> build/lib/marivo/analysis/datasets
copying marivo/analysis/datasets/__init__.py -> build/lib/marivo/analysis/datasets
copying marivo/analysis/datasets/descriptors.py -> build/lib/marivo/analysis/datasets
copying marivo/analysis/datasets/errors.py -> build/lib/marivo/analysis/datasets
copying marivo/analysis/datasets/contract.py -> build/lib/marivo/analysis/datasets
copying marivo/analysis/datasets/base.py -> build/lib/marivo/analysis/datasets
copying marivo/analysis/datasets/state.py -> build/lib/marivo/analysis/datasets
creating build/lib/marivo/analysis/_capabilities
copying marivo/analysis/_capabilities/dataset_render.py -> build/lib/marivo/analysis/_capabilities
copying marivo/analysis/_capabilities/dataset_registry.py -> build/lib/marivo/analysis/_capabilities
copying marivo/analysis/_capabilities/render.py -> build/lib/marivo/analysis/_capabilities
copying marivo/analysis/_capabilities/registry.py -> build/lib/marivo/analysis/_capabilities
copying marivo/analysis/_capabilities/__init__.py -> build/lib/marivo/analysis/_capabilities
copying marivo/analysis/_capabilities/dataset_model.py -> build/lib/marivo/analysis/_capabilities
copying marivo/analysis/_capabilities/model.py -> build/lib/marivo/analysis/_capabilities
copying marivo/analysis/_capabilities/dataset_navigation.py -> build/lib/marivo/analysis/_capabilities
copying marivo/analysis/_capabilities/catalog_inputs.py -> build/lib/marivo/analysis/_capabilities
copying marivo/analysis/_capabilities/surface.py -> build/lib/marivo/analysis/_capabilities
creating build/lib/marivo/analysis/materialization
copying marivo/analysis/materialization/ibis_batches.py -> build/lib/marivo/analysis/materialization
copying marivo/analysis/materialization/execution_key.py -> build/lib/marivo/analysis/materialization
copying marivo/analysis/materialization/ownership.py -> build/lib/marivo/analysis/materialization
copying marivo/analysis/materialization/store.py -> build/lib/marivo/analysis/materialization
copying marivo/analysis/materialization/postgres_execution.py -> build/lib/marivo/analysis/materialization
copying marivo/analysis/materialization/dataset_execution.py -> build/lib/marivo/analysis/materialization
copying marivo/analysis/materialization/trino_execution.py -> build/lib/marivo/analysis/materialization
copying marivo/analysis/materialization/retained.py -> build/lib/marivo/analysis/materialization
copying marivo/analysis/materialization/sqlite_execution.py -> build/lib/marivo/analysis/materialization
copying marivo/analysis/materialization/dataset_publication.py -> build/lib/marivo/analysis/materialization
copying marivo/analysis/materialization/comparison_codec.py -> build/lib/marivo/analysis/materialization
copying marivo/analysis/materialization/event_comparison_codec.py -> build/lib/marivo/analysis/materialization
copying marivo/analysis/materialization/lifecycle_reducer_codec.py -> build/lib/marivo/analysis/materialization
copying marivo/analysis/materialization/lifecycle_reducer_publication.py -> build/lib/marivo/analysis/materialization
copying marivo/analysis/materialization/execution.py -> build/lib/marivo/analysis/materialization
copying marivo/analysis/materialization/graph_source_execution.py -> build/lib/marivo/analysis/materialization
copying marivo/analysis/materialization/lifecycle_publication.py -> build/lib/marivo/analysis/materialization
copying marivo/analysis/materialization/dataset_presentation.py -> build/lib/marivo/analysis/materialization
copying marivo/analysis/materialization/recovery.py -> build/lib/marivo/analysis/materialization
copying marivo/analysis/materialization/parquet_scan.py -> build/lib/marivo/analysis/materialization
copying marivo/analysis/materialization/clickhouse_event_sql.py -> build/lib/marivo/analysis/materialization
copying marivo/analysis/materialization/reconciliation.py -> build/lib/marivo/analysis/materialization
copying marivo/analysis/materialization/comparison_publication.py -> build/lib/marivo/analysis/materialization
copying marivo/analysis/materialization/local.py -> build/lib/marivo/analysis/materialization
copying marivo/analysis/materialization/duckdb_execution.py -> build/lib/marivo/analysis/materialization
copying marivo/analysis/materialization/event_publication.py -> build/lib/marivo/analysis/materialization
copying marivo/analysis/materialization/layout.py -> build/lib/marivo/analysis/materialization
copying marivo/analysis/materialization/temporal_sql.py -> build/lib/marivo/analysis/materialization
copying marivo/analysis/materialization/event_reducer_codec.py -> build/lib/marivo/analysis/materialization
copying marivo/analysis/materialization/lifecycle_bundle.py -> build/lib/marivo/analysis/materialization
copying marivo/analysis/materialization/graph_observation.py -> build/lib/marivo/analysis/materialization
copying marivo/analysis/materialization/mysql_execution.py -> build/lib/marivo/analysis/materialization
copying marivo/analysis/materialization/event_codec.py -> build/lib/marivo/analysis/materialization
copying marivo/analysis/materialization/private_parquet.py -> build/lib/marivo/analysis/materialization
copying marivo/analysis/materialization/forecast_publication.py -> build/lib/marivo/analysis/materialization
copying marivo/analysis/materialization/lifecycle_integrity.py -> build/lib/marivo/analysis/materialization
copying marivo/analysis/materialization/basic_source.py -> build/lib/marivo/analysis/materialization
copying marivo/analysis/materialization/__init__.py -> build/lib/marivo/analysis/materialization
copying marivo/analysis/materialization/source_stage.py -> build/lib/marivo/analysis/materialization
copying marivo/analysis/materialization/candidate_publication.py -> build/lib/marivo/analysis/materialization
copying marivo/analysis/materialization/graph_members.py -> build/lib/marivo/analysis/materialization
copying marivo/analysis/materialization/duckdb_statements.py -> build/lib/marivo/analysis/materialization
copying marivo/analysis/materialization/graph_execution.py -> build/lib/marivo/analysis/materialization
copying marivo/analysis/materialization/distribution.py -> build/lib/marivo/analysis/materialization
copying marivo/analysis/materialization/graph_composition.py -> build/lib/marivo/analysis/materialization
copying marivo/analysis/materialization/association_codec.py -> build/lib/marivo/analysis/materialization
copying marivo/analysis/materialization/execution_state.py -> build/lib/marivo/analysis/materialization
copying marivo/analysis/materialization/inspection.py -> build/lib/marivo/analysis/materialization
copying marivo/analysis/materialization/scalar_projection.py -> build/lib/marivo/analysis/materialization
copying marivo/analysis/materialization/graph_local_execution.py -> build/lib/marivo/analysis/materialization
copying marivo/analysis/materialization/forecast_codec.py -> build/lib/marivo/analysis/materialization
copying marivo/analysis/materialization/source_preparation.py -> build/lib/marivo/analysis/materialization
copying marivo/analysis/materialization/graph_relation.py -> build/lib/marivo/analysis/materialization
copying marivo/analysis/materialization/event_comparison_publication.py -> build/lib/marivo/analysis/materialization
copying marivo/analysis/materialization/local_stage.py -> build/lib/marivo/analysis/materialization
copying marivo/analysis/materialization/graph_preflight.py -> build/lib/marivo/analysis/materialization
copying marivo/analysis/materialization/lifecycle_codec.py -> build/lib/marivo/analysis/materialization
copying marivo/analysis/materialization/graph_spearman_execution.py -> build/lib/marivo/analysis/materialization
copying marivo/analysis/materialization/candidate_codec.py -> build/lib/marivo/analysis/materialization
copying marivo/analysis/materialization/publication.py -> build/lib/marivo/analysis/materialization
copying marivo/analysis/materialization/storage.py -> build/lib/marivo/analysis/materialization
copying marivo/analysis/materialization/contracts.py -> build/lib/marivo/analysis/materialization
copying marivo/analysis/materialization/attribution_publication.py -> build/lib/marivo/analysis/materialization
copying marivo/analysis/materialization/attribution_codec.py -> build/lib/marivo/analysis/materialization
copying marivo/analysis/materialization/resources.py -> build/lib/marivo/analysis/materialization
copying marivo/analysis/materialization/admission.py -> build/lib/marivo/analysis/materialization
copying marivo/analysis/materialization/reads.py -> build/lib/marivo/analysis/materialization
copying marivo/analysis/materialization/errors.py -> build/lib/marivo/analysis/materialization
copying marivo/analysis/materialization/graph_dataset.py -> build/lib/marivo/analysis/materialization
copying marivo/analysis/materialization/scalar_sql_execution.py -> build/lib/marivo/analysis/materialization
copying marivo/analysis/materialization/graph_store.py -> build/lib/marivo/analysis/materialization
copying marivo/analysis/materialization/clickhouse_execution.py -> build/lib/marivo/analysis/materialization
copying marivo/analysis/materialization/event_reducer_publication.py -> build/lib/marivo/analysis/materialization
copying marivo/analysis/materialization/submissions.py -> build/lib/marivo/analysis/materialization
copying marivo/analysis/materialization/graph_protocol.py -> build/lib/marivo/analysis/materialization
copying marivo/analysis/materialization/association_publication.py -> build/lib/marivo/analysis/materialization
copying marivo/analysis/materialization/quality.py -> build/lib/marivo/analysis/materialization
copying marivo/analysis/materialization/event_bundle.py -> build/lib/marivo/analysis/materialization
copying marivo/analysis/materialization/graph_storage.py -> build/lib/marivo/analysis/materialization
copying marivo/analysis/materialization/trino_event_sql.py -> build/lib/marivo/analysis/materialization
copying marivo/analysis/materialization/postgres_event_sql.py -> build/lib/marivo/analysis/materialization
copying marivo/analysis/materialization/graph_publication.py -> build/lib/marivo/analysis/materialization
copying marivo/analysis/materialization/graph_exchange.py -> build/lib/marivo/analysis/materialization
copying marivo/analysis/materialization/local_execution.py -> build/lib/marivo/analysis/materialization
copying marivo/analysis/materialization/graph_fields.py -> build/lib/marivo/analysis/materialization
copying marivo/analysis/materialization/writer_guard.py -> build/lib/marivo/analysis/materialization
copying marivo/analysis/materialization/validation.py -> build/lib/marivo/analysis/materialization
creating build/lib/marivo/analysis/compiler
copying marivo/analysis/compiler/driver_candidate.py -> build/lib/marivo/analysis/compiler
copying marivo/analysis/compiler/distinct.py -> build/lib/marivo/analysis/compiler
copying marivo/analysis/compiler/temporal.py -> build/lib/marivo/analysis/compiler
copying marivo/analysis/compiler/event.py -> build/lib/marivo/analysis/compiler
copying marivo/analysis/compiler/source_time.py -> build/lib/marivo/analysis/compiler
copying marivo/analysis/compiler/predicates.py -> build/lib/marivo/analysis/compiler
copying marivo/analysis/compiler/event_continuation.py -> build/lib/marivo/analysis/compiler
copying marivo/analysis/compiler/source_admission.py -> build/lib/marivo/analysis/compiler
copying marivo/analysis/compiler/event_time.py -> build/lib/marivo/analysis/compiler
copying marivo/analysis/compiler/entity_candidate.py -> build/lib/marivo/analysis/compiler
copying marivo/analysis/compiler/normalize.py -> build/lib/marivo/analysis/compiler
copying marivo/analysis/compiler/lowering.py -> build/lib/marivo/analysis/compiler
copying marivo/analysis/compiler/lifecycle_reducers.py -> build/lib/marivo/analysis/compiler
copying marivo/analysis/compiler/__init__.py -> build/lib/marivo/analysis/compiler
copying marivo/analysis/compiler/event_attribution.py -> build/lib/marivo/analysis/compiler
copying marivo/analysis/compiler/event_reducers.py -> build/lib/marivo/analysis/compiler
copying marivo/analysis/compiler/distribution.py -> build/lib/marivo/analysis/compiler
copying marivo/analysis/compiler/comparison.py -> build/lib/marivo/analysis/compiler
copying marivo/analysis/compiler/distinct_attribution.py -> build/lib/marivo/analysis/compiler
copying marivo/analysis/compiler/distribution_attribution.py -> build/lib/marivo/analysis/compiler
copying marivo/analysis/compiler/distinct_fold.py -> build/lib/marivo/analysis/compiler
copying marivo/analysis/compiler/attribution.py -> build/lib/marivo/analysis/compiler
copying marivo/analysis/compiler/event_sources.py -> build/lib/marivo/analysis/compiler
copying marivo/analysis/compiler/lifecycle.py -> build/lib/marivo/analysis/compiler
copying marivo/analysis/compiler/lifecycle_array.py -> build/lib/marivo/analysis/compiler
copying marivo/analysis/compiler/ordering.py -> build/lib/marivo/analysis/compiler
copying marivo/analysis/compiler/driver_numeric.py -> build/lib/marivo/analysis/compiler
copying marivo/analysis/compiler/errors.py -> build/lib/marivo/analysis/compiler
copying marivo/analysis/compiler/placement.py -> build/lib/marivo/analysis/compiler
copying marivo/analysis/compiler/private_parts.py -> build/lib/marivo/analysis/compiler
copying marivo/analysis/compiler/event_axes.py -> build/lib/marivo/analysis/compiler
copying marivo/analysis/compiler/nodes.py -> build/lib/marivo/analysis/compiler
copying marivo/analysis/compiler/graph_lowering.py -> build/lib/marivo/analysis/compiler
copying marivo/analysis/compiler/event_comparison.py -> build/lib/marivo/analysis/compiler
copying marivo/analysis/compiler/correlation.py -> build/lib/marivo/analysis/compiler
copying marivo/analysis/compiler/source_dependencies.py -> build/lib/marivo/analysis/compiler
copying marivo/analysis/compiler/graph_plan.py -> build/lib/marivo/analysis/compiler
creating build/lib/marivo/analysis/observation
copying marivo/analysis/observation/rollup.py -> build/lib/marivo/analysis/observation
copying marivo/analysis/observation/source_bindings.py -> build/lib/marivo/analysis/observation
copying marivo/analysis/observation/temporal.py -> build/lib/marivo/analysis/observation
copying marivo/analysis/observation/predicates.py -> build/lib/marivo/analysis/observation
copying marivo/analysis/observation/aggregation.py -> build/lib/marivo/analysis/observation
copying marivo/analysis/observation/_disclosure.py -> build/lib/marivo/analysis/observation
copying marivo/analysis/observation/population.py -> build/lib/marivo/analysis/observation
copying marivo/analysis/observation/__init__.py -> build/lib/marivo/analysis/observation
copying marivo/analysis/observation/distribution_contracts.py -> build/lib/marivo/analysis/observation
copying marivo/analysis/observation/metric.py -> build/lib/marivo/analysis/observation
copying marivo/analysis/observation/distinct_contracts.py -> build/lib/marivo/analysis/observation
copying marivo/analysis/observation/fold_contracts.py -> build/lib/marivo/analysis/observation
copying marivo/analysis/observation/contracts.py -> build/lib/marivo/analysis/observation
copying marivo/analysis/observation/ordering.py -> build/lib/marivo/analysis/observation
copying marivo/analysis/observation/errors.py -> build/lib/marivo/analysis/observation
copying marivo/analysis/observation/private_parts.py -> build/lib/marivo/analysis/observation
copying marivo/analysis/observation/coordinates.py -> build/lib/marivo/analysis/observation
creating build/lib/marivo/analysis/session
copying marivo/analysis/session/_public_disclosure.py -> build/lib/marivo/analysis/session
copying marivo/analysis/session/_lazy_graph.py -> build/lib/marivo/analysis/session
copying marivo/analysis/session/_lazy_read_model.py -> build/lib/marivo/analysis/session
copying marivo/analysis/session/_lazy_runtime_reads.py -> build/lib/marivo/analysis/session
copying marivo/analysis/session/_disclosure.py -> build/lib/marivo/analysis/session
copying marivo/analysis/session/__init__.py -> build/lib/marivo/analysis/session
copying marivo/analysis/session/core.py -> build/lib/marivo/analysis/session
copying marivo/analysis/session/_lazy_sources.py -> build/lib/marivo/analysis/session
copying marivo/analysis/session/_lazy_history.py -> build/lib/marivo/analysis/session
creating build/lib/marivo/introspection/live
copying marivo/introspection/live/resolve.py -> build/lib/marivo/introspection/live
copying marivo/introspection/live/render.py -> build/lib/marivo/introspection/live
copying marivo/introspection/live/__init__.py -> build/lib/marivo/introspection/live
copying marivo/introspection/live/model.py -> build/lib/marivo/introspection/live
copying marivo/introspection/live/errors.py -> build/lib/marivo/introspection/live
copying marivo/introspection/live/reflect.py -> build/lib/marivo/introspection/live
creating build/lib/marivo/ontology/_capabilities
copying marivo/ontology/_capabilities/render.py -> build/lib/marivo/ontology/_capabilities
copying marivo/ontology/_capabilities/registry.py -> build/lib/marivo/ontology/_capabilities
copying marivo/ontology/_capabilities/__init__.py -> build/lib/marivo/ontology/_capabilities
copying marivo/ontology/_capabilities/surface.py -> build/lib/marivo/ontology/_capabilities
creating build/lib/marivo/semantic/_capabilities
copying marivo/semantic/_capabilities/render.py -> build/lib/marivo/semantic/_capabilities
copying marivo/semantic/_capabilities/registry.py -> build/lib/marivo/semantic/_capabilities
copying marivo/semantic/_capabilities/catalog_members.py -> build/lib/marivo/semantic/_capabilities
copying marivo/semantic/_capabilities/__init__.py -> build/lib/marivo/semantic/_capabilities
copying marivo/semantic/_capabilities/model.py -> build/lib/marivo/semantic/_capabilities
copying marivo/semantic/_capabilities/surface.py -> build/lib/marivo/semantic/_capabilities
copying marivo/semantic/_capabilities/validation.py -> build/lib/marivo/semantic/_capabilities
running egg_info
writing marivo.egg-info/PKG-INFO
writing dependency_links to marivo.egg-info/dependency_links.txt
writing entry points to marivo.egg-info/entry_points.txt
writing requirements to marivo.egg-info/requires.txt
writing top-level names to marivo.egg-info/top_level.txt
reading manifest file 'marivo.egg-info/SOURCES.txt'
reading manifest template 'MANIFEST.in'
warning: no previously-included files matching '__pycache__' found anywhere in distribution
warning: no previously-included files matching '*.py[cod]' found anywhere in distribution
warning: no previously-included files matching '.DS_Store' found anywhere in distribution
adding license file 'LICENSE'
writing manifest file 'marivo.egg-info/SOURCES.txt'
creating build/lib/marivo/skills/marivo-semantic
copying marivo/skills/marivo-semantic/SKILL.md -> build/lib/marivo/skills/marivo-semantic
creating build/lib/marivo/skills/marivo-analysis
copying marivo/skills/marivo-analysis/SKILL.md -> build/lib/marivo/skills/marivo-analysis
installing to build/bdist.macosx-26.0-arm64/wheel
running install
running install_lib
creating build/bdist.macosx-26.0-arm64/wheel
creating build/bdist.macosx-26.0-arm64/wheel/marivo
creating build/bdist.macosx-26.0-arm64/wheel/marivo/datasource
copying build/lib/marivo/datasource/catalog.py -> build/bdist.macosx-26.0-arm64/wheel/./marivo/datasource
copying build/lib/marivo/datasource/store.py -> build/bdist.macosx-26.0-arm64/wheel/./marivo/datasource
copying build/lib/marivo/datasource/metadata.py -> build/bdist.macosx-26.0-arm64/wheel/./marivo/datasource
copying build/lib/marivo/datasource/strptime.py -> build/bdist.macosx-26.0-arm64/wheel/./marivo/datasource
copying build/lib/marivo/datasource/__init__.py -> build/bdist.macosx-26.0-arm64/wheel/./marivo/datasource
copying build/lib/marivo/datasource/ir.py -> build/bdist.macosx-26.0-arm64/wheel/./marivo/datasource
creating build/bdist.macosx-26.0-arm64/wheel/marivo/datasource/_capabilities
copying build/lib/marivo/datasource/_capabilities/render.py -> build/bdist.macosx-26.0-arm64/wheel/./marivo/datasource/_capabilities
copying build/lib/marivo/datasource/_capabilities/registry.py -> build/bdist.macosx-26.0-arm64/wheel/./marivo/datasource/_capabilities
copying build/lib/marivo/datasource/_capabilities/__init__.py -> build/bdist.macosx-26.0-arm64/wheel/./marivo/datasource/_capabilities
copying build/lib/marivo/datasource/_capabilities/model.py -> build/bdist.macosx-26.0-arm64/wheel/./marivo/datasource/_capabilities
copying build/lib/marivo/datasource/_capabilities/contracts.py -> build/bdist.macosx-26.0-arm64/wheel/./marivo/datasource/_capabilities
copying build/lib/marivo/datasource/_capabilities/surface.py -> build/bdist.macosx-26.0-arm64/wheel/./marivo/datasource/_capabilities
copying build/lib/marivo/datasource/_capabilities/validation.py -> build/bdist.macosx-26.0-arm64/wheel/./marivo/datasource/_capabilities
copying build/lib/marivo/datasource/runtime.py -> build/bdist.macosx-26.0-arm64/wheel/./marivo/datasource
copying build/lib/marivo/datasource/table_source.py -> build/bdist.macosx-26.0-arm64/wheel/./marivo/datasource
copying build/lib/marivo/datasource/inspection.py -> build/bdist.macosx-26.0-arm64/wheel/./marivo/datasource
copying build/lib/marivo/datasource/backends.py -> build/bdist.macosx-26.0-arm64/wheel/./marivo/datasource
copying build/lib/marivo/datasource/json_source.py -> build/bdist.macosx-26.0-arm64/wheel/./marivo/datasource
copying build/lib/marivo/datasource/authoring.py -> build/bdist.macosx-26.0-arm64/wheel/./marivo/datasource
copying build/lib/marivo/datasource/secrets.py -> build/bdist.macosx-26.0-arm64/wheel/./marivo/datasource
copying build/lib/marivo/datasource/capabilities.py -> build/bdist.macosx-26.0-arm64/wheel/./marivo/datasource
copying build/lib/marivo/datasource/loader.py -> build/bdist.macosx-26.0-arm64/wheel/./marivo/datasource
creating build/bdist.macosx-26.0-arm64/wheel/marivo/datasource/engines
copying build/lib/marivo/datasource/engines/clickhouse.py -> build/bdist.macosx-26.0-arm64/wheel/./marivo/datasource/engines
copying build/lib/marivo/datasource/engines/trino.py -> build/bdist.macosx-26.0-arm64/wheel/./marivo/datasource/engines
copying build/lib/marivo/datasource/engines/__init__.py -> build/bdist.macosx-26.0-arm64/wheel/./marivo/datasource/engines
copying build/lib/marivo/datasource/engines/sqlite.py -> build/bdist.macosx-26.0-arm64/wheel/./marivo/datasource/engines
copying build/lib/marivo/datasource/engines/postgres.py -> build/bdist.macosx-26.0-arm64/wheel/./marivo/datasource/engines
copying build/lib/marivo/datasource/engines/scalar_decode.py -> build/bdist.macosx-26.0-arm64/wheel/./marivo/datasource/engines
copying build/lib/marivo/datasource/engines/duckdb.py -> build/bdist.macosx-26.0-arm64/wheel/./marivo/datasource/engines
copying build/lib/marivo/datasource/engines/base.py -> build/bdist.macosx-26.0-arm64/wheel/./marivo/datasource/engines
copying build/lib/marivo/datasource/engines/mysql.py -> build/bdist.macosx-26.0-arm64/wheel/./marivo/datasource/engines
copying build/lib/marivo/datasource/manage.py -> build/bdist.macosx-26.0-arm64/wheel/./marivo/datasource
copying build/lib/marivo/datasource/constraints.py -> build/bdist.macosx-26.0-arm64/wheel/./marivo/datasource
copying build/lib/marivo/datasource/errors.py -> build/bdist.macosx-26.0-arm64/wheel/./marivo/datasource
copying build/lib/marivo/datasource/authoring_store.py -> build/bdist.macosx-26.0-arm64/wheel/./marivo/datasource
copying build/lib/marivo/datasource/typing.py -> build/bdist.macosx-26.0-arm64/wheel/./marivo/datasource
copying build/lib/marivo/datasource/timezone.py -> build/bdist.macosx-26.0-arm64/wheel/./marivo/datasource
copying build/lib/marivo/datasource/source.py -> build/bdist.macosx-26.0-arm64/wheel/./marivo/datasource
copying build/lib/marivo/datasource/snapshot.py -> build/bdist.macosx-26.0-arm64/wheel/./marivo/datasource
copying build/lib/marivo/datasource/adapters.py -> build/bdist.macosx-26.0-arm64/wheel/./marivo/datasource
copying build/lib/marivo/preview.py -> build/bdist.macosx-26.0-arm64/wheel/./marivo
copying build/lib/marivo/_temporal.py -> build/bdist.macosx-26.0-arm64/wheel/./marivo
copying build/lib/marivo/config.py -> build/bdist.macosx-26.0-arm64/wheel/./marivo
creating build/bdist.macosx-26.0-arm64/wheel/marivo/analysis
copying build/lib/marivo/analysis/event.py -> build/bdist.macosx-26.0-arm64/wheel/./marivo/analysis
creating build/bdist.macosx-26.0-arm64/wheel/marivo/analysis/methods
copying build/lib/marivo/analysis/methods/registry.py -> build/bdist.macosx-26.0-arm64/wheel/./marivo/analysis/methods
copying build/lib/marivo/analysis/methods/local.py -> build/bdist.macosx-26.0-arm64/wheel/./marivo/analysis/methods
copying build/lib/marivo/analysis/methods/semantics.py -> build/bdist.macosx-26.0-arm64/wheel/./marivo/analysis/methods
copying build/lib/marivo/analysis/methods/__init__.py -> build/bdist.macosx-26.0-arm64/wheel/./marivo/analysis/methods
copying build/lib/marivo/analysis/methods/state_validation.py -> build/bdist.macosx-26.0-arm64/wheel/./marivo/analysis/methods
copying build/lib/marivo/analysis/methods/builtin.py -> build/bdist.macosx-26.0-arm64/wheel/./marivo/analysis/methods
copying build/lib/marivo/analysis/methods/errors.py -> build/bdist.macosx-26.0-arm64/wheel/./marivo/analysis/methods
copying build/lib/marivo/analysis/methods/physical.py -> build/bdist.macosx-26.0-arm64/wheel/./marivo/analysis/methods
creating build/bdist.macosx-26.0-arm64/wheel/marivo/analysis/domains
copying build/lib/marivo/analysis/domains/event.py -> build/bdist.macosx-26.0-arm64/wheel/./marivo/analysis/domains
copying build/lib/marivo/analysis/domains/_disclosure.py -> build/bdist.macosx-26.0-arm64/wheel/./marivo/analysis/domains
copying build/lib/marivo/analysis/domains/subject.py -> build/bdist.macosx-26.0-arm64/wheel/./marivo/analysis/domains
copying build/lib/marivo/analysis/domains/lifecycle_reducers.py -> build/bdist.macosx-26.0-arm64/wheel/./marivo/analysis/domains
copying build/lib/marivo/analysis/domains/__init__.py -> build/bdist.macosx-26.0-arm64/wheel/./marivo/analysis/domains
copying build/lib/marivo/analysis/domains/event_attribution.py -> build/bdist.macosx-26.0-arm64/wheel/./marivo/analysis/domains
copying build/lib/marivo/analysis/domains/event_reducers.py -> build/bdist.macosx-26.0-arm64/wheel/./marivo/analysis/domains
copying build/lib/marivo/analysis/domains/completeness.py -> build/bdist.macosx-26.0-arm64/wheel/./marivo/analysis/domains
copying build/lib/marivo/analysis/domains/lifecycle.py -> build/bdist.macosx-26.0-arm64/wheel/./marivo/analysis/domains
copying build/lib/marivo/analysis/domains/event_attribution_values.py -> build/bdist.macosx-26.0-arm64/wheel/./marivo/analysis/domains
copying build/lib/marivo/analysis/domains/contracts.py -> build/bdist.macosx-26.0-arm64/wheel/./marivo/analysis/domains
copying build/lib/marivo/analysis/domains/errors.py -> build/bdist.macosx-26.0-arm64/wheel/./marivo/analysis/domains
copying build/lib/marivo/analysis/domains/event_comparison.py -> build/bdist.macosx-26.0-arm64/wheel/./marivo/analysis/domains
copying build/lib/marivo/analysis/domains/event_comparison_values.py -> build/bdist.macosx-26.0-arm64/wheel/./marivo/analysis/domains
creating build/bdist.macosx-26.0-arm64/wheel/marivo/analysis/core
copying build/lib/marivo/analysis/core/local_laws.py -> build/bdist.macosx-26.0-arm64/wheel/./marivo/analysis/core
copying build/lib/marivo/analysis/core/predicates.py -> build/bdist.macosx-26.0-arm64/wheel/./marivo/analysis/core
copying build/lib/marivo/analysis/core/graph.py -> build/bdist.macosx-26.0-arm64/wheel/./marivo/analysis/core
copying build/lib/marivo/analysis/core/__init__.py -> build/bdist.macosx-26.0-arm64/wheel/./marivo/analysis/core
copying build/lib/marivo/analysis/core/rules.py -> build/bdist.macosx-26.0-arm64/wheel/./marivo/analysis/core
copying build/lib/marivo/analysis/core/model.py -> build/bdist.macosx-26.0-arm64/wheel/./marivo/analysis/core
creating build/bdist.macosx-26.0-arm64/wheel/marivo/analysis/evidence
copying build/lib/marivo/analysis/evidence/_dataset_types.py -> build/bdist.macosx-26.0-arm64/wheel/./marivo/analysis/evidence
copying build/lib/marivo/analysis/evidence/__init__.py -> build/bdist.macosx-26.0-arm64/wheel/./marivo/analysis/evidence
copying build/lib/marivo/analysis/evidence/_dataset_codec.py -> build/bdist.macosx-26.0-arm64/wheel/./marivo/analysis/evidence
copying build/lib/marivo/analysis/evidence/_dataset_reads.py -> build/bdist.macosx-26.0-arm64/wheel/./marivo/analysis/evidence
creating build/bdist.macosx-26.0-arm64/wheel/marivo/analysis/operators
copying build/lib/marivo/analysis/operators/correlate.py -> build/bdist.macosx-26.0-arm64/wheel/./marivo/analysis/operators
copying build/lib/marivo/analysis/operators/rollup.py -> build/bdist.macosx-26.0-arm64/wheel/./marivo/analysis/operators
copying build/lib/marivo/analysis/operators/row_values.py -> build/bdist.macosx-26.0-arm64/wheel/./marivo/analysis/operators
copying build/lib/marivo/analysis/operators/postgres_support.py -> build/bdist.macosx-26.0-arm64/wheel/./marivo/analysis/operators
copying build/lib/marivo/analysis/operators/forecast.py -> build/bdist.macosx-26.0-arm64/wheel/./marivo/analysis/operators
copying build/lib/marivo/analysis/operators/attribute.py -> build/bdist.macosx-26.0-arm64/wheel/./marivo/analysis/operators
copying build/lib/marivo/analysis/operators/attribution_contracts.py -> build/bdist.macosx-26.0-arm64/wheel/./marivo/analysis/operators
copying build/lib/marivo/analysis/operators/association_contracts.py -> build/bdist.macosx-26.0-arm64/wheel/./marivo/analysis/operators
copying build/lib/marivo/analysis/operators/_disclosure.py -> build/bdist.macosx-26.0-arm64/wheel/./marivo/analysis/operators
copying build/lib/marivo/analysis/operators/discovery.py -> build/bdist.macosx-26.0-arm64/wheel/./marivo/analysis/operators
copying build/lib/marivo/analysis/operators/registry.py -> build/bdist.macosx-26.0-arm64/wheel/./marivo/analysis/operators
copying build/lib/marivo/analysis/operators/delta_state.py -> build/bdist.macosx-26.0-arm64/wheel/./marivo/analysis/operators
copying build/lib/marivo/analysis/operators/sqlite_support.py -> build/bdist.macosx-26.0-arm64/wheel/./marivo/analysis/operators
copying build/lib/marivo/analysis/operators/driver_axes.py -> build/bdist.macosx-26.0-arm64/wheel/./marivo/analysis/operators
copying build/lib/marivo/analysis/operators/distribution_values.py -> build/bdist.macosx-26.0-arm64/wheel/./marivo/analysis/operators
copying build/lib/marivo/analysis/operators/__init__.py -> build/bdist.macosx-26.0-arm64/wheel/./marivo/analysis/operators
copying build/lib/marivo/analysis/operators/candidate_dataset.py -> build/bdist.macosx-26.0-arm64/wheel/./marivo/analysis/operators
copying build/lib/marivo/analysis/operators/candidate_contracts.py -> build/bdist.macosx-26.0-arm64/wheel/./marivo/analysis/operators
copying build/lib/marivo/analysis/operators/driver_expansion.py -> build/bdist.macosx-26.0-arm64/wheel/./marivo/analysis/operators
copying build/lib/marivo/analysis/operators/forecast_values.py -> build/bdist.macosx-26.0-arm64/wheel/./marivo/analysis/operators
copying build/lib/marivo/analysis/operators/driver_contracts.py -> build/bdist.macosx-26.0-arm64/wheel/./marivo/analysis/operators
copying build/lib/marivo/analysis/operators/association_values.py -> build/bdist.macosx-26.0-arm64/wheel/./marivo/analysis/operators
copying build/lib/marivo/analysis/operators/attribute_expansion.py -> build/bdist.macosx-26.0-arm64/wheel/./marivo/analysis/operators
copying build/lib/marivo/analysis/operators/clickhouse_support.py -> build/bdist.macosx-26.0-arm64/wheel/./marivo/analysis/operators
copying build/lib/marivo/analysis/operators/association.py -> build/bdist.macosx-26.0-arm64/wheel/./marivo/analysis/operators
copying build/lib/marivo/analysis/operators/attribution.py -> build/bdist.macosx-26.0-arm64/wheel/./marivo/analysis/operators
copying build/lib/marivo/analysis/operators/candidate_values.py -> build/bdist.macosx-26.0-arm64/wheel/./marivo/analysis/operators
copying build/lib/marivo/analysis/operators/delta.py -> build/bdist.macosx-26.0-arm64/wheel/./marivo/analysis/operators
copying build/lib/marivo/analysis/operators/contracts.py -> build/bdist.macosx-26.0-arm64/wheel/./marivo/analysis/operators
copying build/lib/marivo/analysis/operators/forecast_contracts.py -> build/bdist.macosx-26.0-arm64/wheel/./marivo/analysis/operators
copying build/lib/marivo/analysis/operators/forecast_dataset.py -> build/bdist.macosx-26.0-arm64/wheel/./marivo/analysis/operators
copying build/lib/marivo/analysis/operators/mysql_support.py -> build/bdist.macosx-26.0-arm64/wheel/./marivo/analysis/operators
copying build/lib/marivo/analysis/operators/errors.py -> build/bdist.macosx-26.0-arm64/wheel/./marivo/analysis/operators
copying build/lib/marivo/analysis/operators/scalar_support.py -> build/bdist.macosx-26.0-arm64/wheel/./marivo/analysis/operators
copying build/lib/marivo/analysis/operators/attribute_values.py -> build/bdist.macosx-26.0-arm64/wheel/./marivo/analysis/operators
copying build/lib/marivo/analysis/operators/driver_values.py -> build/bdist.macosx-26.0-arm64/wheel/./marivo/analysis/operators
copying build/lib/marivo/analysis/operators/row.py -> build/bdist.macosx-26.0-arm64/wheel/./marivo/analysis/operators
copying build/lib/marivo/analysis/operators/trino_support.py -> build/bdist.macosx-26.0-arm64/wheel/./marivo/analysis/operators
copying build/lib/marivo/analysis/operators/compare.py -> build/bdist.macosx-26.0-arm64/wheel/./marivo/analysis/operators
copying build/lib/marivo/analysis/subject.py -> build/bdist.macosx-26.0-arm64/wheel/./marivo/analysis
creating build/bdist.macosx-26.0-arm64/wheel/marivo/analysis/datasets
copying build/lib/marivo/analysis/datasets/handles.py -> build/bdist.macosx-26.0-arm64/wheel/./marivo/analysis/datasets
copying build/lib/marivo/analysis/datasets/fields.py -> build/bdist.macosx-26.0-arm64/wheel/./marivo/analysis/datasets
copying build/lib/marivo/analysis/datasets/_disclosure.py -> build/bdist.macosx-26.0-arm64/wheel/./marivo/analysis/datasets
copying build/lib/marivo/analysis/datasets/registry.py -> build/bdist.macosx-26.0-arm64/wheel/./marivo/analysis/datasets
copying build/lib/marivo/analysis/datasets/actions.py -> build/bdist.macosx-26.0-arm64/wheel/./marivo/analysis/datasets
copying build/lib/marivo/analysis/datasets/__init__.py -> build/bdist.macosx-26.0-arm64/wheel/./marivo/analysis/datasets
copying build/lib/marivo/analysis/datasets/descriptors.py -> build/bdist.macosx-26.0-arm64/wheel/./marivo/analysis/datasets
copying build/lib/marivo/analysis/datasets/errors.py -> build/bdist.macosx-26.0-arm64/wheel/./marivo/analysis/datasets
copying build/lib/marivo/analysis/datasets/contract.py -> build/bdist.macosx-26.0-arm64/wheel/./marivo/analysis/datasets
copying build/lib/marivo/analysis/datasets/base.py -> build/bdist.macosx-26.0-arm64/wheel/./marivo/analysis/datasets
copying build/lib/marivo/analysis/datasets/state.py -> build/bdist.macosx-26.0-arm64/wheel/./marivo/analysis/datasets
copying build/lib/marivo/analysis/__init__.py -> build/bdist.macosx-26.0-arm64/wheel/./marivo/analysis
creating build/bdist.macosx-26.0-arm64/wheel/marivo/analysis/_capabilities
copying build/lib/marivo/analysis/_capabilities/dataset_render.py -> build/bdist.macosx-26.0-arm64/wheel/./marivo/analysis/_capabilities
copying build/lib/marivo/analysis/_capabilities/dataset_registry.py -> build/bdist.macosx-26.0-arm64/wheel/./marivo/analysis/_capabilities
copying build/lib/marivo/analysis/_capabilities/render.py -> build/bdist.macosx-26.0-arm64/wheel/./marivo/analysis/_capabilities
copying build/lib/marivo/analysis/_capabilities/registry.py -> build/bdist.macosx-26.0-arm64/wheel/./marivo/analysis/_capabilities
copying build/lib/marivo/analysis/_capabilities/__init__.py -> build/bdist.macosx-26.0-arm64/wheel/./marivo/analysis/_capabilities
copying build/lib/marivo/analysis/_capabilities/dataset_model.py -> build/bdist.macosx-26.0-arm64/wheel/./marivo/analysis/_capabilities
copying build/lib/marivo/analysis/_capabilities/model.py -> build/bdist.macosx-26.0-arm64/wheel/./marivo/analysis/_capabilities
copying build/lib/marivo/analysis/_capabilities/dataset_navigation.py -> build/bdist.macosx-26.0-arm64/wheel/./marivo/analysis/_capabilities
copying build/lib/marivo/analysis/_capabilities/catalog_inputs.py -> build/bdist.macosx-26.0-arm64/wheel/./marivo/analysis/_capabilities
copying build/lib/marivo/analysis/_capabilities/surface.py -> build/bdist.macosx-26.0-arm64/wheel/./marivo/analysis/_capabilities
copying build/lib/marivo/analysis/public_dsl.py -> build/bdist.macosx-26.0-arm64/wheel/./marivo/analysis
creating build/bdist.macosx-26.0-arm64/wheel/marivo/analysis/materialization
copying build/lib/marivo/analysis/materialization/ibis_batches.py -> build/bdist.macosx-26.0-arm64/wheel/./marivo/analysis/materialization
copying build/lib/marivo/analysis/materialization/execution_key.py -> build/bdist.macosx-26.0-arm64/wheel/./marivo/analysis/materialization
copying build/lib/marivo/analysis/materialization/ownership.py -> build/bdist.macosx-26.0-arm64/wheel/./marivo/analysis/materialization
copying build/lib/marivo/analysis/materialization/store.py -> build/bdist.macosx-26.0-arm64/wheel/./marivo/analysis/materialization
copying build/lib/marivo/analysis/materialization/postgres_execution.py -> build/bdist.macosx-26.0-arm64/wheel/./marivo/analysis/materialization
copying build/lib/marivo/analysis/materialization/dataset_execution.py -> build/bdist.macosx-26.0-arm64/wheel/./marivo/analysis/materialization
copying build/lib/marivo/analysis/materialization/trino_execution.py -> build/bdist.macosx-26.0-arm64/wheel/./marivo/analysis/materialization
copying build/lib/marivo/analysis/materialization/retained.py -> build/bdist.macosx-26.0-arm64/wheel/./marivo/analysis/materialization
copying build/lib/marivo/analysis/materialization/sqlite_execution.py -> build/bdist.macosx-26.0-arm64/wheel/./marivo/analysis/materialization
copying build/lib/marivo/analysis/materialization/dataset_publication.py -> build/bdist.macosx-26.0-arm64/wheel/./marivo/analysis/materialization
copying build/lib/marivo/analysis/materialization/comparison_codec.py -> build/bdist.macosx-26.0-arm64/wheel/./marivo/analysis/materialization
copying build/lib/marivo/analysis/materialization/event_comparison_codec.py -> build/bdist.macosx-26.0-arm64/wheel/./marivo/analysis/materialization
copying build/lib/marivo/analysis/materialization/lifecycle_reducer_codec.py -> build/bdist.macosx-26.0-arm64/wheel/./marivo/analysis/materialization
copying build/lib/marivo/analysis/materialization/lifecycle_reducer_publication.py -> build/bdist.macosx-26.0-arm64/wheel/./marivo/analysis/materialization
copying build/lib/marivo/analysis/materialization/execution.py -> build/bdist.macosx-26.0-arm64/wheel/./marivo/analysis/materialization
copying build/lib/marivo/analysis/materialization/graph_source_execution.py -> build/bdist.macosx-26.0-arm64/wheel/./marivo/analysis/materialization
copying build/lib/marivo/analysis/materialization/lifecycle_publication.py -> build/bdist.macosx-26.0-arm64/wheel/./marivo/analysis/materialization
copying build/lib/marivo/analysis/materialization/dataset_presentation.py -> build/bdist.macosx-26.0-arm64/wheel/./marivo/analysis/materialization
copying build/lib/marivo/analysis/materialization/recovery.py -> build/bdist.macosx-26.0-arm64/wheel/./marivo/analysis/materialization
copying build/lib/marivo/analysis/materialization/parquet_scan.py -> build/bdist.macosx-26.0-arm64/wheel/./marivo/analysis/materialization
copying build/lib/marivo/analysis/materialization/clickhouse_event_sql.py -> build/bdist.macosx-26.0-arm64/wheel/./marivo/analysis/materialization
copying build/lib/marivo/analysis/materialization/reconciliation.py -> build/bdist.macosx-26.0-arm64/wheel/./marivo/analysis/materialization
copying build/lib/marivo/analysis/materialization/comparison_publication.py -> build/bdist.macosx-26.0-arm64/wheel/./marivo/analysis/materialization
copying build/lib/marivo/analysis/materialization/local.py -> build/bdist.macosx-26.0-arm64/wheel/./marivo/analysis/materialization
copying build/lib/marivo/analysis/materialization/duckdb_execution.py -> build/bdist.macosx-26.0-arm64/wheel/./marivo/analysis/materialization
copying build/lib/marivo/analysis/materialization/event_publication.py -> build/bdist.macosx-26.0-arm64/wheel/./marivo/analysis/materialization
copying build/lib/marivo/analysis/materialization/layout.py -> build/bdist.macosx-26.0-arm64/wheel/./marivo/analysis/materialization
copying build/lib/marivo/analysis/materialization/temporal_sql.py -> build/bdist.macosx-26.0-arm64/wheel/./marivo/analysis/materialization
copying build/lib/marivo/analysis/materialization/event_reducer_codec.py -> build/bdist.macosx-26.0-arm64/wheel/./marivo/analysis/materialization
copying build/lib/marivo/analysis/materialization/lifecycle_bundle.py -> build/bdist.macosx-26.0-arm64/wheel/./marivo/analysis/materialization
copying build/lib/marivo/analysis/materialization/graph_observation.py -> build/bdist.macosx-26.0-arm64/wheel/./marivo/analysis/materialization
copying build/lib/marivo/analysis/materialization/mysql_execution.py -> build/bdist.macosx-26.0-arm64/wheel/./marivo/analysis/materialization
copying build/lib/marivo/analysis/materialization/event_codec.py -> build/bdist.macosx-26.0-arm64/wheel/./marivo/analysis/materialization
copying build/lib/marivo/analysis/materialization/private_parquet.py -> build/bdist.macosx-26.0-arm64/wheel/./marivo/analysis/materialization
copying build/lib/marivo/analysis/materialization/forecast_publication.py -> build/bdist.macosx-26.0-arm64/wheel/./marivo/analysis/materialization
copying build/lib/marivo/analysis/materialization/lifecycle_integrity.py -> build/bdist.macosx-26.0-arm64/wheel/./marivo/analysis/materialization
copying build/lib/marivo/analysis/materialization/basic_source.py -> build/bdist.macosx-26.0-arm64/wheel/./marivo/analysis/materialization
copying build/lib/marivo/analysis/materialization/__init__.py -> build/bdist.macosx-26.0-arm64/wheel/./marivo/analysis/materialization
copying build/lib/marivo/analysis/materialization/source_stage.py -> build/bdist.macosx-26.0-arm64/wheel/./marivo/analysis/materialization
copying build/lib/marivo/analysis/materialization/candidate_publication.py -> build/bdist.macosx-26.0-arm64/wheel/./marivo/analysis/materialization
copying build/lib/marivo/analysis/materialization/graph_members.py -> build/bdist.macosx-26.0-arm64/wheel/./marivo/analysis/materialization
copying build/lib/marivo/analysis/materialization/duckdb_statements.py -> build/bdist.macosx-26.0-arm64/wheel/./marivo/analysis/materialization
copying build/lib/marivo/analysis/materialization/graph_execution.py -> build/bdist.macosx-26.0-arm64/wheel/./marivo/analysis/materialization
copying build/lib/marivo/analysis/materialization/distribution.py -> build/bdist.macosx-26.0-arm64/wheel/./marivo/analysis/materialization
copying build/lib/marivo/analysis/materialization/graph_composition.py -> build/bdist.macosx-26.0-arm64/wheel/./marivo/analysis/materialization
copying build/lib/marivo/analysis/materialization/association_codec.py -> build/bdist.macosx-26.0-arm64/wheel/./marivo/analysis/materialization
copying build/lib/marivo/analysis/materialization/execution_state.py -> build/bdist.macosx-26.0-arm64/wheel/./marivo/analysis/materialization
copying build/lib/marivo/analysis/materialization/inspection.py -> build/bdist.macosx-26.0-arm64/wheel/./marivo/analysis/materialization
copying build/lib/marivo/analysis/materialization/scalar_projection.py -> build/bdist.macosx-26.0-arm64/wheel/./marivo/analysis/materialization
copying build/lib/marivo/analysis/materialization/graph_local_execution.py -> build/bdist.macosx-26.0-arm64/wheel/./marivo/analysis/materialization
copying build/lib/marivo/analysis/materialization/forecast_codec.py -> build/bdist.macosx-26.0-arm64/wheel/./marivo/analysis/materialization
copying build/lib/marivo/analysis/materialization/source_preparation.py -> build/bdist.macosx-26.0-arm64/wheel/./marivo/analysis/materialization
copying build/lib/marivo/analysis/materialization/graph_relation.py -> build/bdist.macosx-26.0-arm64/wheel/./marivo/analysis/materialization
copying build/lib/marivo/analysis/materialization/event_comparison_publication.py -> build/bdist.macosx-26.0-arm64/wheel/./marivo/analysis/materialization
copying build/lib/marivo/analysis/materialization/local_stage.py -> build/bdist.macosx-26.0-arm64/wheel/./marivo/analysis/materialization
copying build/lib/marivo/analysis/materialization/graph_preflight.py -> build/bdist.macosx-26.0-arm64/wheel/./marivo/analysis/materialization
copying build/lib/marivo/analysis/materialization/lifecycle_codec.py -> build/bdist.macosx-26.0-arm64/wheel/./marivo/analysis/materialization
copying build/lib/marivo/analysis/materialization/graph_spearman_execution.py -> build/bdist.macosx-26.0-arm64/wheel/./marivo/analysis/materialization
copying build/lib/marivo/analysis/materialization/candidate_codec.py -> build/bdist.macosx-26.0-arm64/wheel/./marivo/analysis/materialization
copying build/lib/marivo/analysis/materialization/publication.py -> build/bdist.macosx-26.0-arm64/wheel/./marivo/analysis/materialization
copying build/lib/marivo/analysis/materialization/storage.py -> build/bdist.macosx-26.0-arm64/wheel/./marivo/analysis/materialization
copying build/lib/marivo/analysis/materialization/contracts.py -> build/bdist.macosx-26.0-arm64/wheel/./marivo/analysis/materialization
copying build/lib/marivo/analysis/materialization/attribution_publication.py -> build/bdist.macosx-26.0-arm64/wheel/./marivo/analysis/materialization
copying build/lib/marivo/analysis/materialization/attribution_codec.py -> build/bdist.macosx-26.0-arm64/wheel/./marivo/analysis/materialization
copying build/lib/marivo/analysis/materialization/resources.py -> build/bdist.macosx-26.0-arm64/wheel/./marivo/analysis/materialization
copying build/lib/marivo/analysis/materialization/admission.py -> build/bdist.macosx-26.0-arm64/wheel/./marivo/analysis/materialization
copying build/lib/marivo/analysis/materialization/reads.py -> build/bdist.macosx-26.0-arm64/wheel/./marivo/analysis/materialization
copying build/lib/marivo/analysis/materialization/errors.py -> build/bdist.macosx-26.0-arm64/wheel/./marivo/analysis/materialization
copying build/lib/marivo/analysis/materialization/graph_dataset.py -> build/bdist.macosx-26.0-arm64/wheel/./marivo/analysis/materialization
copying build/lib/marivo/analysis/materialization/scalar_sql_execution.py -> build/bdist.macosx-26.0-arm64/wheel/./marivo/analysis/materialization
copying build/lib/marivo/analysis/materialization/graph_store.py -> build/bdist.macosx-26.0-arm64/wheel/./marivo/analysis/materialization
copying build/lib/marivo/analysis/materialization/clickhouse_execution.py -> build/bdist.macosx-26.0-arm64/wheel/./marivo/analysis/materialization
copying build/lib/marivo/analysis/materialization/event_reducer_publication.py -> build/bdist.macosx-26.0-arm64/wheel/./marivo/analysis/materialization
copying build/lib/marivo/analysis/materialization/submissions.py -> build/bdist.macosx-26.0-arm64/wheel/./marivo/analysis/materialization
copying build/lib/marivo/analysis/materialization/graph_protocol.py -> build/bdist.macosx-26.0-arm64/wheel/./marivo/analysis/materialization
copying build/lib/marivo/analysis/materialization/association_publication.py -> build/bdist.macosx-26.0-arm64/wheel/./marivo/analysis/materialization
copying build/lib/marivo/analysis/materialization/quality.py -> build/bdist.macosx-26.0-arm64/wheel/./marivo/analysis/materialization
copying build/lib/marivo/analysis/materialization/event_bundle.py -> build/bdist.macosx-26.0-arm64/wheel/./marivo/analysis/materialization
copying build/lib/marivo/analysis/materialization/graph_storage.py -> build/bdist.macosx-26.0-arm64/wheel/./marivo/analysis/materialization
copying build/lib/marivo/analysis/materialization/trino_event_sql.py -> build/bdist.macosx-26.0-arm64/wheel/./marivo/analysis/materialization
copying build/lib/marivo/analysis/materialization/postgres_event_sql.py -> build/bdist.macosx-26.0-arm64/wheel/./marivo/analysis/materialization
copying build/lib/marivo/analysis/materialization/graph_publication.py -> build/bdist.macosx-26.0-arm64/wheel/./marivo/analysis/materialization
copying build/lib/marivo/analysis/materialization/graph_exchange.py -> build/bdist.macosx-26.0-arm64/wheel/./marivo/analysis/materialization
copying build/lib/marivo/analysis/materialization/local_execution.py -> build/bdist.macosx-26.0-arm64/wheel/./marivo/analysis/materialization
copying build/lib/marivo/analysis/materialization/graph_fields.py -> build/bdist.macosx-26.0-arm64/wheel/./marivo/analysis/materialization
copying build/lib/marivo/analysis/materialization/writer_guard.py -> build/bdist.macosx-26.0-arm64/wheel/./marivo/analysis/materialization
copying build/lib/marivo/analysis/materialization/validation.py -> build/bdist.macosx-26.0-arm64/wheel/./marivo/analysis/materialization
copying build/lib/marivo/analysis/lifecycle.py -> build/bdist.macosx-26.0-arm64/wheel/./marivo/analysis
copying build/lib/marivo/analysis/runtime_metric.py -> build/bdist.macosx-26.0-arm64/wheel/./marivo/analysis
copying build/lib/marivo/analysis/refs.py -> build/bdist.macosx-26.0-arm64/wheel/./marivo/analysis
copying build/lib/marivo/analysis/errors.py -> build/bdist.macosx-26.0-arm64/wheel/./marivo/analysis
copying build/lib/marivo/analysis/timezone.py -> build/bdist.macosx-26.0-arm64/wheel/./marivo/analysis
copying build/lib/marivo/analysis/funnel.py -> build/bdist.macosx-26.0-arm64/wheel/./marivo/analysis
creating build/bdist.macosx-26.0-arm64/wheel/marivo/analysis/compiler
copying build/lib/marivo/analysis/compiler/driver_candidate.py -> build/bdist.macosx-26.0-arm64/wheel/./marivo/analysis/compiler
copying build/lib/marivo/analysis/compiler/distinct.py -> build/bdist.macosx-26.0-arm64/wheel/./marivo/analysis/compiler
copying build/lib/marivo/analysis/compiler/temporal.py -> build/bdist.macosx-26.0-arm64/wheel/./marivo/analysis/compiler
copying build/lib/marivo/analysis/compiler/event.py -> build/bdist.macosx-26.0-arm64/wheel/./marivo/analysis/compiler
copying build/lib/marivo/analysis/compiler/source_time.py -> build/bdist.macosx-26.0-arm64/wheel/./marivo/analysis/compiler
copying build/lib/marivo/analysis/compiler/predicates.py -> build/bdist.macosx-26.0-arm64/wheel/./marivo/analysis/compiler
copying build/lib/marivo/analysis/compiler/event_continuation.py -> build/bdist.macosx-26.0-arm64/wheel/./marivo/analysis/compiler
copying build/lib/marivo/analysis/compiler/source_admission.py -> build/bdist.macosx-26.0-arm64/wheel/./marivo/analysis/compiler
copying build/lib/marivo/analysis/compiler/event_time.py -> build/bdist.macosx-26.0-arm64/wheel/./marivo/analysis/compiler
copying build/lib/marivo/analysis/compiler/entity_candidate.py -> build/bdist.macosx-26.0-arm64/wheel/./marivo/analysis/compiler
copying build/lib/marivo/analysis/compiler/normalize.py -> build/bdist.macosx-26.0-arm64/wheel/./marivo/analysis/compiler
copying build/lib/marivo/analysis/compiler/lowering.py -> build/bdist.macosx-26.0-arm64/wheel/./marivo/analysis/compiler
copying build/lib/marivo/analysis/compiler/lifecycle_reducers.py -> build/bdist.macosx-26.0-arm64/wheel/./marivo/analysis/compiler
copying build/lib/marivo/analysis/compiler/__init__.py -> build/bdist.macosx-26.0-arm64/wheel/./marivo/analysis/compiler
copying build/lib/marivo/analysis/compiler/event_attribution.py -> build/bdist.macosx-26.0-arm64/wheel/./marivo/analysis/compiler
copying build/lib/marivo/analysis/compiler/event_reducers.py -> build/bdist.macosx-26.0-arm64/wheel/./marivo/analysis/compiler
copying build/lib/marivo/analysis/compiler/distribution.py -> build/bdist.macosx-26.0-arm64/wheel/./marivo/analysis/compiler
copying build/lib/marivo/analysis/compiler/comparison.py -> build/bdist.macosx-26.0-arm64/wheel/./marivo/analysis/compiler
copying build/lib/marivo/analysis/compiler/distinct_attribution.py -> build/bdist.macosx-26.0-arm64/wheel/./marivo/analysis/compiler
copying build/lib/marivo/analysis/compiler/distribution_attribution.py -> build/bdist.macosx-26.0-arm64/wheel/./marivo/analysis/compiler
copying build/lib/marivo/analysis/compiler/distinct_fold.py -> build/bdist.macosx-26.0-arm64/wheel/./marivo/analysis/compiler
copying build/lib/marivo/analysis/compiler/attribution.py -> build/bdist.macosx-26.0-arm64/wheel/./marivo/analysis/compiler
copying build/lib/marivo/analysis/compiler/event_sources.py -> build/bdist.macosx-26.0-arm64/wheel/./marivo/analysis/compiler
copying build/lib/marivo/analysis/compiler/lifecycle.py -> build/bdist.macosx-26.0-arm64/wheel/./marivo/analysis/compiler
copying build/lib/marivo/analysis/compiler/lifecycle_array.py -> build/bdist.macosx-26.0-arm64/wheel/./marivo/analysis/compiler
copying build/lib/marivo/analysis/compiler/ordering.py -> build/bdist.macosx-26.0-arm64/wheel/./marivo/analysis/compiler
copying build/lib/marivo/analysis/compiler/driver_numeric.py -> build/bdist.macosx-26.0-arm64/wheel/./marivo/analysis/compiler
copying build/lib/marivo/analysis/compiler/errors.py -> build/bdist.macosx-26.0-arm64/wheel/./marivo/analysis/compiler
copying build/lib/marivo/analysis/compiler/placement.py -> build/bdist.macosx-26.0-arm64/wheel/./marivo/analysis/compiler
copying build/lib/marivo/analysis/compiler/private_parts.py -> build/bdist.macosx-26.0-arm64/wheel/./marivo/analysis/compiler
copying build/lib/marivo/analysis/compiler/event_axes.py -> build/bdist.macosx-26.0-arm64/wheel/./marivo/analysis/compiler
copying build/lib/marivo/analysis/compiler/nodes.py -> build/bdist.macosx-26.0-arm64/wheel/./marivo/analysis/compiler
copying build/lib/marivo/analysis/compiler/graph_lowering.py -> build/bdist.macosx-26.0-arm64/wheel/./marivo/analysis/compiler
copying build/lib/marivo/analysis/compiler/event_comparison.py -> build/bdist.macosx-26.0-arm64/wheel/./marivo/analysis/compiler
copying build/lib/marivo/analysis/compiler/correlation.py -> build/bdist.macosx-26.0-arm64/wheel/./marivo/analysis/compiler
copying build/lib/marivo/analysis/compiler/source_dependencies.py -> build/bdist.macosx-26.0-arm64/wheel/./marivo/analysis/compiler
copying build/lib/marivo/analysis/compiler/graph_plan.py -> build/bdist.macosx-26.0-arm64/wheel/./marivo/analysis/compiler
copying build/lib/marivo/analysis/_public.py -> build/bdist.macosx-26.0-arm64/wheel/./marivo/analysis
creating build/bdist.macosx-26.0-arm64/wheel/marivo/analysis/observation
copying build/lib/marivo/analysis/observation/rollup.py -> build/bdist.macosx-26.0-arm64/wheel/./marivo/analysis/observation
copying build/lib/marivo/analysis/observation/source_bindings.py -> build/bdist.macosx-26.0-arm64/wheel/./marivo/analysis/observation
copying build/lib/marivo/analysis/observation/temporal.py -> build/bdist.macosx-26.0-arm64/wheel/./marivo/analysis/observation
copying build/lib/marivo/analysis/observation/predicates.py -> build/bdist.macosx-26.0-arm64/wheel/./marivo/analysis/observation
copying build/lib/marivo/analysis/observation/aggregation.py -> build/bdist.macosx-26.0-arm64/wheel/./marivo/analysis/observation
copying build/lib/marivo/analysis/observation/_disclosure.py -> build/bdist.macosx-26.0-arm64/wheel/./marivo/analysis/observation
copying build/lib/marivo/analysis/observation/population.py -> build/bdist.macosx-26.0-arm64/wheel/./marivo/analysis/observation
copying build/lib/marivo/analysis/observation/__init__.py -> build/bdist.macosx-26.0-arm64/wheel/./marivo/analysis/observation
copying build/lib/marivo/analysis/observation/distribution_contracts.py -> build/bdist.macosx-26.0-arm64/wheel/./marivo/analysis/observation
copying build/lib/marivo/analysis/observation/metric.py -> build/bdist.macosx-26.0-arm64/wheel/./marivo/analysis/observation
copying build/lib/marivo/analysis/observation/distinct_contracts.py -> build/bdist.macosx-26.0-arm64/wheel/./marivo/analysis/observation
copying build/lib/marivo/analysis/observation/fold_contracts.py -> build/bdist.macosx-26.0-arm64/wheel/./marivo/analysis/observation
copying build/lib/marivo/analysis/observation/contracts.py -> build/bdist.macosx-26.0-arm64/wheel/./marivo/analysis/observation
copying build/lib/marivo/analysis/observation/ordering.py -> build/bdist.macosx-26.0-arm64/wheel/./marivo/analysis/observation
copying build/lib/marivo/analysis/observation/errors.py -> build/bdist.macosx-26.0-arm64/wheel/./marivo/analysis/observation
copying build/lib/marivo/analysis/observation/private_parts.py -> build/bdist.macosx-26.0-arm64/wheel/./marivo/analysis/observation
copying build/lib/marivo/analysis/observation/coordinates.py -> build/bdist.macosx-26.0-arm64/wheel/./marivo/analysis/observation
creating build/bdist.macosx-26.0-arm64/wheel/marivo/analysis/session
copying build/lib/marivo/analysis/session/_public_disclosure.py -> build/bdist.macosx-26.0-arm64/wheel/./marivo/analysis/session
copying build/lib/marivo/analysis/session/_lazy_graph.py -> build/bdist.macosx-26.0-arm64/wheel/./marivo/analysis/session
copying build/lib/marivo/analysis/session/_lazy_read_model.py -> build/bdist.macosx-26.0-arm64/wheel/./marivo/analysis/session
copying build/lib/marivo/analysis/session/_lazy_runtime_reads.py -> build/bdist.macosx-26.0-arm64/wheel/./marivo/analysis/session
copying build/lib/marivo/analysis/session/_disclosure.py -> build/bdist.macosx-26.0-arm64/wheel/./marivo/analysis/session
copying build/lib/marivo/analysis/session/__init__.py -> build/bdist.macosx-26.0-arm64/wheel/./marivo/analysis/session
copying build/lib/marivo/analysis/session/core.py -> build/bdist.macosx-26.0-arm64/wheel/./marivo/analysis/session
copying build/lib/marivo/analysis/session/_lazy_sources.py -> build/bdist.macosx-26.0-arm64/wheel/./marivo/analysis/session
copying build/lib/marivo/analysis/session/_lazy_history.py -> build/bdist.macosx-26.0-arm64/wheel/./marivo/analysis/session
copying build/lib/marivo/analysis/_pages.py -> build/bdist.macosx-26.0-arm64/wheel/./marivo/analysis
copying build/lib/marivo/render.py -> build/bdist.macosx-26.0-arm64/wheel/./marivo
creating build/bdist.macosx-26.0-arm64/wheel/marivo/_authoring
copying build/lib/marivo/_authoring/__init__.py -> build/bdist.macosx-26.0-arm64/wheel/./marivo/_authoring
copying build/lib/marivo/_authoring/model.py -> build/bdist.macosx-26.0-arm64/wheel/./marivo/_authoring
copying build/lib/marivo/_authoring/errors.py -> build/bdist.macosx-26.0-arm64/wheel/./marivo/_authoring
copying build/lib/marivo/__init__.py -> build/bdist.macosx-26.0-arm64/wheel/./marivo
creating build/bdist.macosx-26.0-arm64/wheel/marivo/introspection
copying build/lib/marivo/introspection/describe.py -> build/bdist.macosx-26.0-arm64/wheel/./marivo/introspection
copying build/lib/marivo/introspection/render.py -> build/bdist.macosx-26.0-arm64/wheel/./marivo/introspection
copying build/lib/marivo/introspection/__init__.py -> build/bdist.macosx-26.0-arm64/wheel/./marivo/introspection
copying build/lib/marivo/introspection/_fuzzy.py -> build/bdist.macosx-26.0-arm64/wheel/./marivo/introspection
creating build/bdist.macosx-26.0-arm64/wheel/marivo/introspection/live
copying build/lib/marivo/introspection/live/resolve.py -> build/bdist.macosx-26.0-arm64/wheel/./marivo/introspection/live
copying build/lib/marivo/introspection/live/render.py -> build/bdist.macosx-26.0-arm64/wheel/./marivo/introspection/live
copying build/lib/marivo/introspection/live/__init__.py -> build/bdist.macosx-26.0-arm64/wheel/./marivo/introspection/live
copying build/lib/marivo/introspection/live/model.py -> build/bdist.macosx-26.0-arm64/wheel/./marivo/introspection/live
copying build/lib/marivo/introspection/live/errors.py -> build/bdist.macosx-26.0-arm64/wheel/./marivo/introspection/live
copying build/lib/marivo/introspection/live/reflect.py -> build/bdist.macosx-26.0-arm64/wheel/./marivo/introspection/live
copying build/lib/marivo/introspection/constraints.py -> build/bdist.macosx-26.0-arm64/wheel/./marivo/introspection
copying build/lib/marivo/introspection/errors.py -> build/bdist.macosx-26.0-arm64/wheel/./marivo/introspection
copying build/lib/marivo/introspection/surface.py -> build/bdist.macosx-26.0-arm64/wheel/./marivo/introspection
copying build/lib/marivo/introspection/schema.py -> build/bdist.macosx-26.0-arm64/wheel/./marivo/introspection
creating build/bdist.macosx-26.0-arm64/wheel/marivo/ontology
copying build/lib/marivo/ontology/catalog.py -> build/bdist.macosx-26.0-arm64/wheel/./marivo/ontology
copying build/lib/marivo/ontology/__init__.py -> build/bdist.macosx-26.0-arm64/wheel/./marivo/ontology
copying build/lib/marivo/ontology/types.py -> build/bdist.macosx-26.0-arm64/wheel/./marivo/ontology
creating build/bdist.macosx-26.0-arm64/wheel/marivo/ontology/_capabilities
copying build/lib/marivo/ontology/_capabilities/render.py -> build/bdist.macosx-26.0-arm64/wheel/./marivo/ontology/_capabilities
copying build/lib/marivo/ontology/_capabilities/registry.py -> build/bdist.macosx-26.0-arm64/wheel/./marivo/ontology/_capabilities
copying build/lib/marivo/ontology/_capabilities/__init__.py -> build/bdist.macosx-26.0-arm64/wheel/./marivo/ontology/_capabilities
copying build/lib/marivo/ontology/_capabilities/surface.py -> build/bdist.macosx-26.0-arm64/wheel/./marivo/ontology/_capabilities
copying build/lib/marivo/ontology/errors.py -> build/bdist.macosx-26.0-arm64/wheel/./marivo/ontology
copying build/lib/marivo/ontology/_authoring.py -> build/bdist.macosx-26.0-arm64/wheel/./marivo/ontology
copying build/lib/marivo/_fixed_duration.py -> build/bdist.macosx-26.0-arm64/wheel/./marivo
copying build/lib/marivo/cli.py -> build/bdist.macosx-26.0-arm64/wheel/./marivo
creating build/bdist.macosx-26.0-arm64/wheel/marivo/semantic
copying build/lib/marivo/semantic/validator.py -> build/bdist.macosx-26.0-arm64/wheel/./marivo/semantic
copying build/lib/marivo/semantic/catalog.py -> build/bdist.macosx-26.0-arm64/wheel/./marivo/semantic
copying build/lib/marivo/semantic/_filter_runtime.py -> build/bdist.macosx-26.0-arm64/wheel/./marivo/semantic
copying build/lib/marivo/semantic/preview_scope.py -> build/bdist.macosx-26.0-arm64/wheel/./marivo/semantic
copying build/lib/marivo/semantic/_quantile.py -> build/bdist.macosx-26.0-arm64/wheel/./marivo/semantic
copying build/lib/marivo/semantic/metric_graph_canonical.py -> build/bdist.macosx-26.0-arm64/wheel/./marivo/semantic
copying build/lib/marivo/semantic/event.py -> build/bdist.macosx-26.0-arm64/wheel/./marivo/semantic
copying build/lib/marivo/semantic/_expression_binding.py -> build/bdist.macosx-26.0-arm64/wheel/./marivo/semantic
copying build/lib/marivo/semantic/_authoring_values.py -> build/bdist.macosx-26.0-arm64/wheel/./marivo/semantic
copying build/lib/marivo/semantic/_compiled_state.py -> build/bdist.macosx-26.0-arm64/wheel/./marivo/semantic
copying build/lib/marivo/semantic/check.py -> build/bdist.macosx-26.0-arm64/wheel/./marivo/semantic
copying build/lib/marivo/semantic/_authoring_context.py -> build/bdist.macosx-26.0-arm64/wheel/./marivo/semantic
copying build/lib/marivo/semantic/dtos.py -> build/bdist.macosx-26.0-arm64/wheel/./marivo/semantic
copying build/lib/marivo/semantic/_authoring_temporal.py -> build/bdist.macosx-26.0-arm64/wheel/./marivo/semantic
copying build/lib/marivo/semantic/runtime_metric_lowering.py -> build/bdist.macosx-26.0-arm64/wheel/./marivo/semantic
copying build/lib/marivo/semantic/_definition_identity.py -> build/bdist.macosx-26.0-arm64/wheel/./marivo/semantic
copying build/lib/marivo/semantic/__init__.py -> build/bdist.macosx-26.0-arm64/wheel/./marivo/semantic
copying build/lib/marivo/semantic/time_format.py -> build/bdist.macosx-26.0-arm64/wheel/./marivo/semantic
copying build/lib/marivo/semantic/ir.py -> build/bdist.macosx-26.0-arm64/wheel/./marivo/semantic
creating build/bdist.macosx-26.0-arm64/wheel/marivo/semantic/_capabilities
copying build/lib/marivo/semantic/_capabilities/render.py -> build/bdist.macosx-26.0-arm64/wheel/./marivo/semantic/_capabilities
copying build/lib/marivo/semantic/_capabilities/registry.py -> build/bdist.macosx-26.0-arm64/wheel/./marivo/semantic/_capabilities
copying build/lib/marivo/semantic/_capabilities/catalog_members.py -> build/bdist.macosx-26.0-arm64/wheel/./marivo/semantic/_capabilities
copying build/lib/marivo/semantic/_capabilities/__init__.py -> build/bdist.macosx-26.0-arm64/wheel/./marivo/semantic/_capabilities
copying build/lib/marivo/semantic/_capabilities/model.py -> build/bdist.macosx-26.0-arm64/wheel/./marivo/semantic/_capabilities
copying build/lib/marivo/semantic/_capabilities/surface.py -> build/bdist.macosx-26.0-arm64/wheel/./marivo/semantic/_capabilities
copying build/lib/marivo/semantic/_capabilities/validation.py -> build/bdist.macosx-26.0-arm64/wheel/./marivo/semantic/_capabilities
copying build/lib/marivo/semantic/materializer.py -> build/bdist.macosx-26.0-arm64/wheel/./marivo/semantic
copying build/lib/marivo/semantic/reader.py -> build/bdist.macosx-26.0-arm64/wheel/./marivo/semantic
copying build/lib/marivo/semantic/business_order.py -> build/bdist.macosx-26.0-arm64/wheel/./marivo/semantic
copying build/lib/marivo/semantic/authoring.py -> build/bdist.macosx-26.0-arm64/wheel/./marivo/semantic
copying build/lib/marivo/semantic/richness.py -> build/bdist.macosx-26.0-arm64/wheel/./marivo/semantic
copying build/lib/marivo/semantic/state_model.py -> build/bdist.macosx-26.0-arm64/wheel/./marivo/semantic
copying build/lib/marivo/semantic/_metric_resolution.py -> build/bdist.macosx-26.0-arm64/wheel/./marivo/semantic
copying build/lib/marivo/semantic/loader.py -> build/bdist.macosx-26.0-arm64/wheel/./marivo/semantic
copying build/lib/marivo/semantic/metric_graph.py -> build/bdist.macosx-26.0-arm64/wheel/./marivo/semantic
copying build/lib/marivo/semantic/resolver.py -> build/bdist.macosx-26.0-arm64/wheel/./marivo/semantic
copying build/lib/marivo/semantic/runtime_metric.py -> build/bdist.macosx-26.0-arm64/wheel/./marivo/semantic
copying build/lib/marivo/semantic/source_health.py -> build/bdist.macosx-26.0-arm64/wheel/./marivo/semantic
copying build/lib/marivo/semantic/_authoring_metrics.py -> build/bdist.macosx-26.0-arm64/wheel/./marivo/semantic
copying build/lib/marivo/semantic/_authoring_declarations.py -> build/bdist.macosx-26.0-arm64/wheel/./marivo/semantic
copying build/lib/marivo/semantic/constraints.py -> build/bdist.macosx-26.0-arm64/wheel/./marivo/semantic
copying build/lib/marivo/semantic/errors.py -> build/bdist.macosx-26.0-arm64/wheel/./marivo/semantic
copying build/lib/marivo/semantic/_dsl_authoring.py -> build/bdist.macosx-26.0-arm64/wheel/./marivo/semantic
copying build/lib/marivo/semantic/readiness.py -> build/bdist.macosx-26.0-arm64/wheel/./marivo/semantic
copying build/lib/marivo/semantic/_authoring_validation.py -> build/bdist.macosx-26.0-arm64/wheel/./marivo/semantic
copying build/lib/marivo/semantic/_authoring_decorators.py -> build/bdist.macosx-26.0-arm64/wheel/./marivo/semantic
copying build/lib/marivo/semantic/typing.py -> build/bdist.macosx-26.0-arm64/wheel/./marivo/semantic
copying build/lib/marivo/semantic/metric_graph_lowering.py -> build/bdist.macosx-26.0-arm64/wheel/./marivo/semantic
copying build/lib/marivo/semantic/_registry_bridge.py -> build/bdist.macosx-26.0-arm64/wheel/./marivo/semantic
copying build/lib/marivo/semantic/decimal_precision.py -> build/bdist.macosx-26.0-arm64/wheel/./marivo/semantic
copying build/lib/marivo/semantic/unit_algebra.py -> build/bdist.macosx-26.0-arm64/wheel/./marivo/semantic
copying build/lib/marivo/refs.py -> build/bdist.macosx-26.0-arm64/wheel/./marivo
creating build/bdist.macosx-26.0-arm64/wheel/marivo/skills
copying build/lib/marivo/skills/__init__.py -> build/bdist.macosx-26.0-arm64/wheel/./marivo/skills
creating build/bdist.macosx-26.0-arm64/wheel/marivo/skills/marivo-semantic
copying build/lib/marivo/skills/marivo-semantic/SKILL.md -> build/bdist.macosx-26.0-arm64/wheel/./marivo/skills/marivo-semantic
creating build/bdist.macosx-26.0-arm64/wheel/marivo/skills/marivo-analysis
copying build/lib/marivo/skills/marivo-analysis/SKILL.md -> build/bdist.macosx-26.0-arm64/wheel/./marivo/skills/marivo-analysis
creating build/bdist.macosx-26.0-arm64/wheel/marivo/telemetry
copying build/lib/marivo/telemetry/__init__.py -> build/bdist.macosx-26.0-arm64/wheel/./marivo/telemetry
copying build/lib/marivo/_compat.py -> build/bdist.macosx-26.0-arm64/wheel/./marivo
creating build/bdist.macosx-26.0-arm64/wheel/marivo/_help
copying build/lib/marivo/_help/bootstrap.py -> build/bdist.macosx-26.0-arm64/wheel/./marivo/_help
copying build/lib/marivo/_help/render.py -> build/bdist.macosx-26.0-arm64/wheel/./marivo/_help
copying build/lib/marivo/_help/route.py -> build/bdist.macosx-26.0-arm64/wheel/./marivo/_help
copying build/lib/marivo/_help/__init__.py -> build/bdist.macosx-26.0-arm64/wheel/./marivo/_help
copying build/lib/marivo/_help/model.py -> build/bdist.macosx-26.0-arm64/wheel/./marivo/_help
copying build/lib/marivo/_help/topics.py -> build/bdist.macosx-26.0-arm64/wheel/./marivo/_help
copying build/lib/marivo/_help/object_briefing.py -> build/bdist.macosx-26.0-arm64/wheel/./marivo/_help
copying build/lib/marivo/doctor.py -> build/bdist.macosx-26.0-arm64/wheel/./marivo
copying build/lib/marivo/__main__.py -> build/bdist.macosx-26.0-arm64/wheel/./marivo
copying build/lib/marivo/project.py -> build/bdist.macosx-26.0-arm64/wheel/./marivo
running install_egg_info
Copying marivo.egg-info to build/bdist.macosx-26.0-arm64/wheel/./marivo-0.5.3.dev0-py3.12.egg-info
running install_scripts
creating build/bdist.macosx-26.0-arm64/wheel/marivo-0.5.3.dev0.dist-info/WHEEL
creating '/Users/lichengxiang/source/oss/marivo/dist/pypi/.tmp-3xig_ahr/marivo-0.5.3.dev0-py3-none-any.whl' and adding 'build/bdist.macosx-26.0-arm64/wheel' to it
adding 'marivo/__init__.py'
adding 'marivo/__main__.py'
adding 'marivo/_compat.py'
adding 'marivo/_fixed_duration.py'
adding 'marivo/_temporal.py'
adding 'marivo/cli.py'
adding 'marivo/config.py'
adding 'marivo/doctor.py'
adding 'marivo/preview.py'
adding 'marivo/project.py'
adding 'marivo/refs.py'
adding 'marivo/render.py'
adding 'marivo/_authoring/__init__.py'
adding 'marivo/_authoring/errors.py'
adding 'marivo/_authoring/model.py'
adding 'marivo/_help/__init__.py'
adding 'marivo/_help/bootstrap.py'
adding 'marivo/_help/model.py'
adding 'marivo/_help/object_briefing.py'
adding 'marivo/_help/render.py'
adding 'marivo/_help/route.py'
adding 'marivo/_help/topics.py'
adding 'marivo/analysis/__init__.py'
adding 'marivo/analysis/_pages.py'
adding 'marivo/analysis/_public.py'
adding 'marivo/analysis/errors.py'
adding 'marivo/analysis/event.py'
adding 'marivo/analysis/funnel.py'
adding 'marivo/analysis/lifecycle.py'
adding 'marivo/analysis/public_dsl.py'
adding 'marivo/analysis/refs.py'
adding 'marivo/analysis/runtime_metric.py'
adding 'marivo/analysis/subject.py'
adding 'marivo/analysis/timezone.py'
adding 'marivo/analysis/_capabilities/__init__.py'
adding 'marivo/analysis/_capabilities/catalog_inputs.py'
adding 'marivo/analysis/_capabilities/dataset_model.py'
adding 'marivo/analysis/_capabilities/dataset_navigation.py'
adding 'marivo/analysis/_capabilities/dataset_registry.py'
adding 'marivo/analysis/_capabilities/dataset_render.py'
adding 'marivo/analysis/_capabilities/model.py'
adding 'marivo/analysis/_capabilities/registry.py'
adding 'marivo/analysis/_capabilities/render.py'
adding 'marivo/analysis/_capabilities/surface.py'
adding 'marivo/analysis/compiler/__init__.py'
adding 'marivo/analysis/compiler/attribution.py'
adding 'marivo/analysis/compiler/comparison.py'
adding 'marivo/analysis/compiler/correlation.py'
adding 'marivo/analysis/compiler/distinct.py'
adding 'marivo/analysis/compiler/distinct_attribution.py'
adding 'marivo/analysis/compiler/distinct_fold.py'
adding 'marivo/analysis/compiler/distribution.py'
adding 'marivo/analysis/compiler/distribution_attribution.py'
adding 'marivo/analysis/compiler/driver_candidate.py'
adding 'marivo/analysis/compiler/driver_numeric.py'
adding 'marivo/analysis/compiler/entity_candidate.py'
adding 'marivo/analysis/compiler/errors.py'
adding 'marivo/analysis/compiler/event.py'
adding 'marivo/analysis/compiler/event_attribution.py'
adding 'marivo/analysis/compiler/event_axes.py'
adding 'marivo/analysis/compiler/event_comparison.py'
adding 'marivo/analysis/compiler/event_continuation.py'
adding 'marivo/analysis/compiler/event_reducers.py'
adding 'marivo/analysis/compiler/event_sources.py'
adding 'marivo/analysis/compiler/event_time.py'
adding 'marivo/analysis/compiler/graph_lowering.py'
adding 'marivo/analysis/compiler/graph_plan.py'
adding 'marivo/analysis/compiler/lifecycle.py'
adding 'marivo/analysis/compiler/lifecycle_array.py'
adding 'marivo/analysis/compiler/lifecycle_reducers.py'
adding 'marivo/analysis/compiler/lowering.py'
adding 'marivo/analysis/compiler/nodes.py'
adding 'marivo/analysis/compiler/normalize.py'
adding 'marivo/analysis/compiler/ordering.py'
adding 'marivo/analysis/compiler/placement.py'
adding 'marivo/analysis/compiler/predicates.py'
adding 'marivo/analysis/compiler/private_parts.py'
adding 'marivo/analysis/compiler/source_admission.py'
adding 'marivo/analysis/compiler/source_dependencies.py'
adding 'marivo/analysis/compiler/source_time.py'
adding 'marivo/analysis/compiler/temporal.py'
adding 'marivo/analysis/core/__init__.py'
adding 'marivo/analysis/core/graph.py'
adding 'marivo/analysis/core/local_laws.py'
adding 'marivo/analysis/core/model.py'
adding 'marivo/analysis/core/predicates.py'
adding 'marivo/analysis/core/rules.py'
adding 'marivo/analysis/datasets/__init__.py'
adding 'marivo/analysis/datasets/_disclosure.py'
adding 'marivo/analysis/datasets/actions.py'
adding 'marivo/analysis/datasets/base.py'
adding 'marivo/analysis/datasets/contract.py'
adding 'marivo/analysis/datasets/descriptors.py'
adding 'marivo/analysis/datasets/errors.py'
adding 'marivo/analysis/datasets/fields.py'
adding 'marivo/analysis/datasets/handles.py'
adding 'marivo/analysis/datasets/registry.py'
adding 'marivo/analysis/datasets/state.py'
adding 'marivo/analysis/domains/__init__.py'
adding 'marivo/analysis/domains/_disclosure.py'
adding 'marivo/analysis/domains/completeness.py'
adding 'marivo/analysis/domains/contracts.py'
adding 'marivo/analysis/domains/errors.py'
adding 'marivo/analysis/domains/event.py'
adding 'marivo/analysis/domains/event_attribution.py'
adding 'marivo/analysis/domains/event_attribution_values.py'
adding 'marivo/analysis/domains/event_comparison.py'
adding 'marivo/analysis/domains/event_comparison_values.py'
adding 'marivo/analysis/domains/event_reducers.py'
adding 'marivo/analysis/domains/lifecycle.py'
adding 'marivo/analysis/domains/lifecycle_reducers.py'
adding 'marivo/analysis/domains/subject.py'
adding 'marivo/analysis/evidence/__init__.py'
adding 'marivo/analysis/evidence/_dataset_codec.py'
adding 'marivo/analysis/evidence/_dataset_reads.py'
adding 'marivo/analysis/evidence/_dataset_types.py'
adding 'marivo/analysis/materialization/__init__.py'
adding 'marivo/analysis/materialization/admission.py'
adding 'marivo/analysis/materialization/association_codec.py'
adding 'marivo/analysis/materialization/association_publication.py'
adding 'marivo/analysis/materialization/attribution_codec.py'
adding 'marivo/analysis/materialization/attribution_publication.py'
adding 'marivo/analysis/materialization/basic_source.py'
adding 'marivo/analysis/materialization/candidate_codec.py'
adding 'marivo/analysis/materialization/candidate_publication.py'
adding 'marivo/analysis/materialization/clickhouse_event_sql.py'
adding 'marivo/analysis/materialization/clickhouse_execution.py'
adding 'marivo/analysis/materialization/comparison_codec.py'
adding 'marivo/analysis/materialization/comparison_publication.py'
adding 'marivo/analysis/materialization/contracts.py'
adding 'marivo/analysis/materialization/dataset_execution.py'
adding 'marivo/analysis/materialization/dataset_presentation.py'
adding 'marivo/analysis/materialization/dataset_publication.py'
adding 'marivo/analysis/materialization/distribution.py'
adding 'marivo/analysis/materialization/duckdb_execution.py'
adding 'marivo/analysis/materialization/duckdb_statements.py'
adding 'marivo/analysis/materialization/errors.py'
adding 'marivo/analysis/materialization/event_bundle.py'
adding 'marivo/analysis/materialization/event_codec.py'
adding 'marivo/analysis/materialization/event_comparison_codec.py'
adding 'marivo/analysis/materialization/event_comparison_publication.py'
adding 'marivo/analysis/materialization/event_publication.py'
adding 'marivo/analysis/materialization/event_reducer_codec.py'
adding 'marivo/analysis/materialization/event_reducer_publication.py'
adding 'marivo/analysis/materialization/execution.py'
adding 'marivo/analysis/materialization/execution_key.py'
adding 'marivo/analysis/materialization/execution_state.py'
adding 'marivo/analysis/materialization/forecast_codec.py'
adding 'marivo/analysis/materialization/forecast_publication.py'
adding 'marivo/analysis/materialization/graph_composition.py'
adding 'marivo/analysis/materialization/graph_dataset.py'
adding 'marivo/analysis/materialization/graph_exchange.py'
adding 'marivo/analysis/materialization/graph_execution.py'
adding 'marivo/analysis/materialization/graph_fields.py'
adding 'marivo/analysis/materialization/graph_local_execution.py'
adding 'marivo/analysis/materialization/graph_members.py'
adding 'marivo/analysis/materialization/graph_observation.py'
adding 'marivo/analysis/materialization/graph_preflight.py'
adding 'marivo/analysis/materialization/graph_protocol.py'
adding 'marivo/analysis/materialization/graph_publication.py'
adding 'marivo/analysis/materialization/graph_relation.py'
adding 'marivo/analysis/materialization/graph_source_execution.py'
adding 'marivo/analysis/materialization/graph_spearman_execution.py'
adding 'marivo/analysis/materialization/graph_storage.py'
adding 'marivo/analysis/materialization/graph_store.py'
adding 'marivo/analysis/materialization/ibis_batches.py'
adding 'marivo/analysis/materialization/inspection.py'
adding 'marivo/analysis/materialization/layout.py'
adding 'marivo/analysis/materialization/lifecycle_bundle.py'
adding 'marivo/analysis/materialization/lifecycle_codec.py'
adding 'marivo/analysis/materialization/lifecycle_integrity.py'
adding 'marivo/analysis/materialization/lifecycle_publication.py'
adding 'marivo/analysis/materialization/lifecycle_reducer_codec.py'
adding 'marivo/analysis/materialization/lifecycle_reducer_publication.py'
adding 'marivo/analysis/materialization/local.py'
adding 'marivo/analysis/materialization/local_execution.py'
adding 'marivo/analysis/materialization/local_stage.py'
adding 'marivo/analysis/materialization/mysql_execution.py'
adding 'marivo/analysis/materialization/ownership.py'
adding 'marivo/analysis/materialization/parquet_scan.py'
adding 'marivo/analysis/materialization/postgres_event_sql.py'
adding 'marivo/analysis/materialization/postgres_execution.py'
adding 'marivo/analysis/materialization/private_parquet.py'
adding 'marivo/analysis/materialization/publication.py'
adding 'marivo/analysis/materialization/quality.py'
adding 'marivo/analysis/materialization/reads.py'
adding 'marivo/analysis/materialization/reconciliation.py'
adding 'marivo/analysis/materialization/recovery.py'
adding 'marivo/analysis/materialization/resources.py'
adding 'marivo/analysis/materialization/retained.py'
adding 'marivo/analysis/materialization/scalar_projection.py'
adding 'marivo/analysis/materialization/scalar_sql_execution.py'
adding 'marivo/analysis/materialization/source_preparation.py'
adding 'marivo/analysis/materialization/source_stage.py'
adding 'marivo/analysis/materialization/sqlite_execution.py'
adding 'marivo/analysis/materialization/storage.py'
adding 'marivo/analysis/materialization/store.py'
adding 'marivo/analysis/materialization/submissions.py'
adding 'marivo/analysis/materialization/temporal_sql.py'
adding 'marivo/analysis/materialization/trino_event_sql.py'
adding 'marivo/analysis/materialization/trino_execution.py'
adding 'marivo/analysis/materialization/validation.py'
adding 'marivo/analysis/materialization/writer_guard.py'
adding 'marivo/analysis/methods/__init__.py'
adding 'marivo/analysis/methods/builtin.py'
adding 'marivo/analysis/methods/errors.py'
adding 'marivo/analysis/methods/local.py'
adding 'marivo/analysis/methods/physical.py'
adding 'marivo/analysis/methods/registry.py'
adding 'marivo/analysis/methods/semantics.py'
adding 'marivo/analysis/methods/state_validation.py'
adding 'marivo/analysis/observation/__init__.py'
adding 'marivo/analysis/observation/_disclosure.py'
adding 'marivo/analysis/observation/aggregation.py'
adding 'marivo/analysis/observation/contracts.py'
adding 'marivo/analysis/observation/coordinates.py'
adding 'marivo/analysis/observation/distinct_contracts.py'
adding 'marivo/analysis/observation/distribution_contracts.py'
adding 'marivo/analysis/observation/errors.py'
adding 'marivo/analysis/observation/fold_contracts.py'
adding 'marivo/analysis/observation/metric.py'
adding 'marivo/analysis/observation/ordering.py'
adding 'marivo/analysis/observation/population.py'
adding 'marivo/analysis/observation/predicates.py'
adding 'marivo/analysis/observation/private_parts.py'
adding 'marivo/analysis/observation/rollup.py'
adding 'marivo/analysis/observation/source_bindings.py'
adding 'marivo/analysis/observation/temporal.py'
adding 'marivo/analysis/operators/__init__.py'
adding 'marivo/analysis/operators/_disclosure.py'
adding 'marivo/analysis/operators/association.py'
adding 'marivo/analysis/operators/association_contracts.py'
adding 'marivo/analysis/operators/association_values.py'
adding 'marivo/analysis/operators/attribute.py'
adding 'marivo/analysis/operators/attribute_expansion.py'
adding 'marivo/analysis/operators/attribute_values.py'
adding 'marivo/analysis/operators/attribution.py'
adding 'marivo/analysis/operators/attribution_contracts.py'
adding 'marivo/analysis/operators/candidate_contracts.py'
adding 'marivo/analysis/operators/candidate_dataset.py'
adding 'marivo/analysis/operators/candidate_values.py'
adding 'marivo/analysis/operators/clickhouse_support.py'
adding 'marivo/analysis/operators/compare.py'
adding 'marivo/analysis/operators/contracts.py'
adding 'marivo/analysis/operators/correlate.py'
adding 'marivo/analysis/operators/delta.py'
adding 'marivo/analysis/operators/delta_state.py'
adding 'marivo/analysis/operators/discovery.py'
adding 'marivo/analysis/operators/distribution_values.py'
adding 'marivo/analysis/operators/driver_axes.py'
adding 'marivo/analysis/operators/driver_contracts.py'
adding 'marivo/analysis/operators/driver_expansion.py'
adding 'marivo/analysis/operators/driver_values.py'
adding 'marivo/analysis/operators/errors.py'
adding 'marivo/analysis/operators/forecast.py'
adding 'marivo/analysis/operators/forecast_contracts.py'
adding 'marivo/analysis/operators/forecast_dataset.py'
adding 'marivo/analysis/operators/forecast_values.py'
adding 'marivo/analysis/operators/mysql_support.py'
adding 'marivo/analysis/operators/postgres_support.py'
adding 'marivo/analysis/operators/registry.py'
adding 'marivo/analysis/operators/rollup.py'
adding 'marivo/analysis/operators/row.py'
adding 'marivo/analysis/operators/row_values.py'
adding 'marivo/analysis/operators/scalar_support.py'
adding 'marivo/analysis/operators/sqlite_support.py'
adding 'marivo/analysis/operators/trino_support.py'
adding 'marivo/analysis/session/__init__.py'
adding 'marivo/analysis/session/_disclosure.py'
adding 'marivo/analysis/session/_lazy_graph.py'
adding 'marivo/analysis/session/_lazy_history.py'
adding 'marivo/analysis/session/_lazy_read_model.py'
adding 'marivo/analysis/session/_lazy_runtime_reads.py'
adding 'marivo/analysis/session/_lazy_sources.py'
adding 'marivo/analysis/session/_public_disclosure.py'
adding 'marivo/analysis/session/core.py'
adding 'marivo/datasource/__init__.py'
adding 'marivo/datasource/adapters.py'
adding 'marivo/datasource/authoring.py'
adding 'marivo/datasource/authoring_store.py'
adding 'marivo/datasource/backends.py'
adding 'marivo/datasource/capabilities.py'
adding 'marivo/datasource/catalog.py'
adding 'marivo/datasource/constraints.py'
adding 'marivo/datasource/errors.py'
adding 'marivo/datasource/inspection.py'
adding 'marivo/datasource/ir.py'
adding 'marivo/datasource/json_source.py'
adding 'marivo/datasource/loader.py'
adding 'marivo/datasource/manage.py'
adding 'marivo/datasource/metadata.py'
adding 'marivo/datasource/runtime.py'
adding 'marivo/datasource/secrets.py'
adding 'marivo/datasource/snapshot.py'
adding 'marivo/datasource/source.py'
adding 'marivo/datasource/store.py'
adding 'marivo/datasource/strptime.py'
adding 'marivo/datasource/table_source.py'
adding 'marivo/datasource/timezone.py'
adding 'marivo/datasource/typing.py'
adding 'marivo/datasource/_capabilities/__init__.py'
adding 'marivo/datasource/_capabilities/contracts.py'
adding 'marivo/datasource/_capabilities/model.py'
adding 'marivo/datasource/_capabilities/registry.py'
adding 'marivo/datasource/_capabilities/render.py'
adding 'marivo/datasource/_capabilities/surface.py'
adding 'marivo/datasource/_capabilities/validation.py'
adding 'marivo/datasource/engines/__init__.py'
adding 'marivo/datasource/engines/base.py'
adding 'marivo/datasource/engines/clickhouse.py'
adding 'marivo/datasource/engines/duckdb.py'
adding 'marivo/datasource/engines/mysql.py'
adding 'marivo/datasource/engines/postgres.py'
adding 'marivo/datasource/engines/scalar_decode.py'
adding 'marivo/datasource/engines/sqlite.py'
adding 'marivo/datasource/engines/trino.py'
adding 'marivo/introspection/__init__.py'
adding 'marivo/introspection/_fuzzy.py'
adding 'marivo/introspection/constraints.py'
adding 'marivo/introspection/describe.py'
adding 'marivo/introspection/errors.py'
adding 'marivo/introspection/render.py'
adding 'marivo/introspection/schema.py'
adding 'marivo/introspection/surface.py'
adding 'marivo/introspection/live/__init__.py'
adding 'marivo/introspection/live/errors.py'
adding 'marivo/introspection/live/model.py'
adding 'marivo/introspection/live/reflect.py'
adding 'marivo/introspection/live/render.py'
adding 'marivo/introspection/live/resolve.py'
adding 'marivo/ontology/__init__.py'
adding 'marivo/ontology/_authoring.py'
adding 'marivo/ontology/catalog.py'
adding 'marivo/ontology/errors.py'
adding 'marivo/ontology/types.py'
adding 'marivo/ontology/_capabilities/__init__.py'
adding 'marivo/ontology/_capabilities/registry.py'
adding 'marivo/ontology/_capabilities/render.py'
adding 'marivo/ontology/_capabilities/surface.py'
adding 'marivo/semantic/__init__.py'
adding 'marivo/semantic/_authoring_context.py'
adding 'marivo/semantic/_authoring_declarations.py'
adding 'marivo/semantic/_authoring_decorators.py'
adding 'marivo/semantic/_authoring_metrics.py'
adding 'marivo/semantic/_authoring_temporal.py'
adding 'marivo/semantic/_authoring_validation.py'
adding 'marivo/semantic/_authoring_values.py'
adding 'marivo/semantic/_compiled_state.py'
adding 'marivo/semantic/_definition_identity.py'
adding 'marivo/semantic/_dsl_authoring.py'
adding 'marivo/semantic/_expression_binding.py'
adding 'marivo/semantic/_filter_runtime.py'
adding 'marivo/semantic/_metric_resolution.py'
adding 'marivo/semantic/_quantile.py'
adding 'marivo/semantic/_registry_bridge.py'
adding 'marivo/semantic/authoring.py'
adding 'marivo/semantic/business_order.py'
adding 'marivo/semantic/catalog.py'
adding 'marivo/semantic/check.py'
adding 'marivo/semantic/constraints.py'
adding 'marivo/semantic/decimal_precision.py'
adding 'marivo/semantic/dtos.py'
adding 'marivo/semantic/errors.py'
adding 'marivo/semantic/event.py'
adding 'marivo/semantic/ir.py'
adding 'marivo/semantic/loader.py'
adding 'marivo/semantic/materializer.py'
adding 'marivo/semantic/metric_graph.py'
adding 'marivo/semantic/metric_graph_canonical.py'
adding 'marivo/semantic/metric_graph_lowering.py'
adding 'marivo/semantic/preview_scope.py'
adding 'marivo/semantic/reader.py'
adding 'marivo/semantic/readiness.py'
adding 'marivo/semantic/resolver.py'
adding 'marivo/semantic/richness.py'
adding 'marivo/semantic/runtime_metric.py'
adding 'marivo/semantic/runtime_metric_lowering.py'
adding 'marivo/semantic/source_health.py'
adding 'marivo/semantic/state_model.py'
adding 'marivo/semantic/time_format.py'
adding 'marivo/semantic/typing.py'
adding 'marivo/semantic/unit_algebra.py'
adding 'marivo/semantic/validator.py'
adding 'marivo/semantic/_capabilities/__init__.py'
adding 'marivo/semantic/_capabilities/catalog_members.py'
adding 'marivo/semantic/_capabilities/model.py'
adding 'marivo/semantic/_capabilities/registry.py'
adding 'marivo/semantic/_capabilities/render.py'
adding 'marivo/semantic/_capabilities/surface.py'
adding 'marivo/semantic/_capabilities/validation.py'
adding 'marivo/skills/__init__.py'
adding 'marivo/skills/marivo-analysis/SKILL.md'
adding 'marivo/skills/marivo-semantic/SKILL.md'
adding 'marivo/telemetry/__init__.py'
adding 'marivo-0.5.3.dev0.dist-info/licenses/LICENSE'
adding 'marivo-0.5.3.dev0.dist-info/METADATA'
adding 'marivo-0.5.3.dev0.dist-info/WHEEL'
adding 'marivo-0.5.3.dev0.dist-info/entry_points.txt'
adding 'marivo-0.5.3.dev0.dist-info/top_level.txt'
adding 'marivo-0.5.3.dev0.dist-info/RECORD'
removing build/bdist.macosx-26.0-arm64/wheel
Successfully built marivo-0.5.3.dev0.tar.gz and marivo-0.5.3.dev0-py3-none-any.whl
PyPI artifacts built in dist/pypi
Checking dist/pypi/marivo-0.5.3.dev0-py3-none-any.whl: PASSED
Checking dist/pypi/marivo-0.5.3.dev0.tar.gz: PASSED
wheel content contract passed: dist/pypi/marivo-0.5.3.dev0-py3-none-any.whl
